order2,home,away,rivalry,favored,underdog,line,etp,fminusu,favscore,undscore,tp,fro1,fpo1,fto1,fso1,frd1,fped1,ftd1,fsd1,fws,fls,fsched,uro1,upo1,uto1,uso1,urd1,uped1,utd1,usd1,uws,uls,usced,frank,urank,fnr,unr,finj,uinj,top25game,confgame,nightgame,conference,week,year,stadium,power5,ACC,BigEast,BigTen,BigTwelve,CUSA,IND,MAC,MntWest,NonConf,PacTen,SEC,SunBelt,WAC,NoRivalry,MinorRivalry,MajorRivalry,AnyRivalry,Home_Rating,Away_Rating,,,fsched,finj,power5,Any
965,Northern Illinois,Eastern Michigan,None,Northern Illinois,Eastern Michigan,21,59.5,16,24,8,32,212.6,306,518.6,35.2,170.2,130.64,396,29.8,1,0,0.47058824,110,223.67,333.67,18.33,213.33,128.09,417.17,27.17,0,1,0.31818182,0,0,1,1,0,1,0,1,0,MAC,7,2005,31000,0,0,0,0,0,0,0,1,0,0,0,0,0,0,1,0,0,0,71.59,61.5,,,mean,mean,mean,mean
855,Idaho,Utah State,None,Utah State,Idaho,2,49,-14,13,27,40,112,158.5,270.5,19,182,152.31,448.5,27.5,1,0,0.5,55.75,218,273.75,15.75,158,148.45,406,32.5,0,6,0.11111111,0,0,1,1,0,8,0,1,0,WAC,5,2005,16000,0,0,0,0,0,0,0,0,0,0,0,0,0,1,1,0,0,0,51.22,54.35,,,0.532153634,4.489177489,0.212121212,0.155844156
872,UL-Lafayette,UCF,None,UCF,UL-Lafayette,3.5,48.5,3,24,21,45,68,242,310,17.33,123,147.82,389,22.67,1,0,0.33333333,192,205.33,397.33,20.67,272.67,148.94,481,39.67,1,0,0.6,0,0,1,1,0,2,0,0,1,NC,5,2005,31000,0,0,0,0,0,0,0,0,0,1,0,0,0,0,1,0,0,0,58.09,66.81,,,std,std,std,std
1692,Oklahoma State,Texas A&M,None,Oklahoma State,Texas A&M,3.5,59,-1,33,34,67,199.5,232.67,432.17,38.17,130.17,135.72,328,20.33,1,0,0.45454545,200,210.71,410.71,33.14,108,113.63,305.57,16.57,2,0,0.52631579,0,23,1,0,0,0,1,1,1,Big Twelve,8,2006,50616,0,0,0,0,0,0,0,0,0,0,0,0,0,0,1,0,0,0,76.37,76.98,,,0.118489412,2.812799119,0.409697983,0.363495173
1955,Colorado State,TCU,None,TCU,Colorado State,10,40.5,31,45,14,59,184.1,203,387.1,26,67.9,103.29,255.2,12.5,5,0,0.48192771,77.1,217.6,294.7,18.2,125.5,124.88,312.3,20.1,0,5,0.41111111,27,0,0,1,0,6,0,1,0,Mountain West,13,2006,30000,0,0,0,0,0,0,0,0,0,0,0,0,0,0,1,0,0,0,62.89,81.98,,,,,,
1903,North Texas,Florida Atlantic,None,North Texas,Florida Atlantic,4,38,-1,16,17,33,107.6,123.5,231.1,13.5,144.4,143.15,341.3,26.4,1,0,0.48863636,104,192.8,296.8,13.3,165.6,122.64,346.8,28.3,0,2,0.49425287,0,0,1,1,0,9,0,1,1,Sun Belt,12,2006,30500,0,0,0,0,0,0,0,0,0,0,0,0,0,0,1,0,0,0,50.83,56.09,,,fsched,finj,power5,AnyRivalry
1622,Virginia,Maryland,None,Maryland,Virginia,3,38,2,28,26,54,134.8,170.2,305,22.4,169.4,110.11,342.8,21.2,0,1,0.52173913,77.17,154.83,232,16.83,117.67,130.79,291.5,20.33,0,1,0.48148148,0,0,1,1,0,3,0,1,0,ACC,7,2006,61500,1,1,0,0,0,0,0,0,0,0,0,0,0,0,1,0,0,0,68.78,77.11,,,0.47058824,0,0,0
1864,Pittsburgh,West Virginia,Major,West Virginia,Pittsburgh,10.5,51,18,45,27,72,318.22,144.67,462.89,40.22,88.44,107.56,303.89,17.44,1,0,0.5443038,140.7,232.2,372.9,33,157.6,113.2,321.7,18.1,0,3,0.48314607,8,0,0,1,0,8,1,1,1,Big East,12,2006,65000,0,0,0,0,0,0,0,0,0,0,0,0,0,0,0,0,1,1,75.8,88.64,,,0.5,0,0,0
2230,Ohio,Kent State,None,Kent State,Ohio,3,47.5,8,33,25,58,236.75,178,414.75,25.25,168.5,113.04,306.5,26,0,1,0.63636364,108.25,205.25,313.5,26.75,197.5,125.55,444.25,24.75,0,2,0.45454545,0,0,1,1,0,7,0,1,0,MAC,5,2007,24000,0,0,0,0,0,0,0,1,0,0,0,0,0,0,1,0,0,0,87.48,53.41,,,0.33333333,0,0,0
2552,Cincinnati,Connecticut,None,Cincinnati,Connecticut,6.5,48,24,27,3,30,167.67,261.78,429.44,37.67,107.33,115.82,377.33,17.89,1,0,0.46478873,174.78,192.56,367.33,31.11,122.89,100.65,317.44,13.67,3,0,0.50684932,27,16,0,0,0,3,1,0,0,NC,11,2007,35000,0,0,0,0,0,0,0,0,0,1,0,0,0,0,1,0,0,0,82.45,77.05,,,0.45454545,0,0,0
398,Central Michigan,Western Michigan,Minor,Central Michigan,Western Michigan,7,63.5,3,24,21,45,194.73,225.75,409.825,17.644,168.2775,142.1033333,418.75,30.20166667,0,3,0.4571,107.695,282.464,378.17,28.13454545,190.386,161.865,470.465,45.975,0,6,0.3889,0,0,1,1,1,2,0,1,0,MAC,9,2004,30199,0,0,0,0,0,0,0,1,0,0,0,0,0,0,0,1,0,1,48.42,42.31,,,0.48192771,0,0,0
370,Stanford,Oregon,None,Stanford,Oregon,4,48.5,-3,13,16,29,121.94,268.4166667,397.3985714,30.10777778,114.408,105.96375,355.34,17.76714286,1,0,0.5667,164.3783333,302.3614286,471.5175,27.995,132.18,115.2683333,321.365,25.88285714,2,0,0.5,32,0,0,1,1,4,0,1,0,Pac Ten,8,2004,85500,0,0,0,0,0,0,0,0,0,0,0,0,0,0,1,0,0,0,74.04,73.33,,,0.48863636,0,0,0
606,Nevada,Boise St.,None,Boise St.,Nevada,26,71.5,37,58,21,79,237.92325,302.3614286,570.013,51.93,63.20166667,115.6916667,330.57,24.41857143,21,0,0.4624,151.6033333,274.6075,434.11,31.48333333,208.04,121.1566667,379.4658333,32.36333333,0,2,0.2826,10,0,0,1,1,7,1,1,0,WAC,13,2004,31545,0,0,0,0,0,0,0,0,0,0,0,0,0,1,1,0,0,0,60.49,87.28,,,0.52173913,0,1,0
335,West Virginia,Syracuse,None,West Virginia,Syracuse,16,49,21,27,6,33,268.2425,162.852,434.11,36.09222222,132.016,99.02888889,330.1321429,17.987,1,0,0.4348,153.7133333,147.3125,310.1975,19.7425,177.34,130.41875,414.25,26.46285714,0,1,0.6333,15,0,0,1,1,1,1,1,1,Big East,8,2004,63500,0,0,0,0,0,0,0,0,0,0,0,0,0,0,1,0,0,0,77.45,71.35,,,0.5443038,0,0,1
1251,San Jose St.,Idaho,None,San Jose St.,Idaho,6.5,60,8,26,18,44,138.6,207.2,345.8,22.2,143.4,148.94,455.5,33.9,1,0,0.3902439,69.7,269.5,339.2,22.5,181.2,137.21,428.9,39.3,0,2,0.35164835,0,0,1,1,1,10,0,1,1,Sun Belt,13,2005,31218,0,0,0,0,0,0,0,0,0,0,0,0,0,0,1,0,0,0,54.85,51.22,,,0.63636364,0,0,0
1267,Virginia Tech,Florida State,None,Virginia Tech,Florida State,14,43.5,-5,22,27,49,204.64,175.91,380.55,34.82,94.55,88.38,236.73,10.64,2,0,0.56190476,104.45,290.09,394.55,29.64,111.82,122.91,295.73,21.64,0,3,0.5,5,28,0,0,1,9,1,1,1,ACC,14,2005,65000,1,1,0,0,0,0,0,0,0,0,0,0,0,0,1,0,0,0,93.07,82.31,,,0.46478873,0,0,0
1214,San Jose St.,New Mexico State,Minor,San Jose St.,New Mexico State,7.5,56,17,27,10,37,125.44,205.56,331,21.67,158.22,157.12,464.33,36.56,0,8,0.43939394,81.4,252,333.4,16.7,212.6,150.7,489,41.4,0,11,0.56790123,0,0,1,1,1,5,0,1,0,WAC,12,2005,31218,0,0,0,0,0,0,0,0,0,0,0,0,0,1,0,1,0,1,54.85,44.25,,,0.4571,1,0,1
866,Tulsa,Houston,None,Tulsa,Houston,3,61,-7,23,30,53,160.75,222.75,383.5,29,233.25,89.45,354,26.25,2,0,0.5,192,283,475,32,172,114.07,474,30.67,0,1,0.75,0,0,1,1,1,6,0,1,1,CUSA,5,2005,40385,0,0,0,0,0,1,0,0,0,0,0,0,0,0,1,0,0,0,75.04,66,,,0.5667,1,0,0
1029,Rice,Navy,None,Navy,Rice,7,55.5,32,41,9,50,267,159.8,426.8,29.4,172.4,128.09,373.8,28,3,0,0.34782609,206,86.4,292.4,21.2,206,172.75,481.8,48.2,0,11,0.64,0,0,1,1,1,3,0,1,1,INDP,8,2005,70000,0,0,0,0,0,0,0,0,0,0,0,0,0,0,1,0,0,0,53.76,72.71,,,0.4624,1,0,0
1206,Boise St.,Idaho,Minor,Boise St.,Idaho,33,62.5,35,70,35,105,207.5,223.5,431,34.8,114.8,129.01,375.8,24.2,0,1,0.44444444,69.44,259.78,329.22,21.11,173.11,140.82,425.78,35.89,0,1,0.32,37,0,0,1,1,9,0,1,0,WAC,12,2005,30000,0,0,0,0,0,0,0,0,0,0,0,0,0,1,0,1,0,1,74.51,51.22,,,0.4348,1,0,0
1178,Miami-Ohio,Bowling Green,None,Miami-Ohio,Bowling Green,10,54,-28,14,42,56,157.11,295.22,452.33,35.44,139.44,118.35,370,23.22,4,0,0.33333333,142.11,291.67,433.78,32.11,189.11,128.05,378.22,27.33,1,0,0.37662338,0,0,1,1,1,2,0,1,1,MAC,12,2005,30012,0,0,0,0,0,0,0,1,0,0,0,0,0,0,1,0,0,0,69.92,67.2,,,0.3902439,1,0,0
864,UL-Monroe,Arkansas State,None,Arkansas State,UL-Monroe,3,50.5,-4,27,31,58,225,166.75,391.75,37.25,167,129.22,405.25,23.75,1,0,0.4,120.5,186.5,307,14.5,197.75,134.11,426.25,32.5,1,0,0.55555556,0,0,1,1,1,0,0,1,1,Sun Belt,5,2005,30427,0,0,0,0,0,0,0,0,0,0,0,0,0,0,1,0,0,0,54.55,57.2,,,0.56190476,1,1,0
1610,Navy,Rutgers,None,Navy,Rutgers,2,44.5,-34,0,34,34,350.5,54.5,405,29,129.67,126.07,349.67,18.33,2,0,0.54166667,208.2,123,331.2,31.2,73.8,96.3,233.4,10,5,0,0.45454545,0,24,1,0,1,4,1,1,0,INDP,7,2006,30000,0,0,0,0,0,0,0,0,0,0,0,0,0,0,1,0,0,0,75.33,88.17,,,0.43939394,1,0,1
1501,LSU,Mississippi St.,None,LSU,Mississippi St.,34,41.5,31,48,17,65,153.75,249.75,403.5,35.5,83,61.28,185.25,5,1,0,0.7,105.5,132.75,238.25,11.25,103.75,143.41,324.75,22.75,1,0,0.54545455,9,0,0,1,1,4,1,1,0,SEC,5,2006,91667,1,0,0,0,0,0,0,0,0,0,0,1,0,0,1,0,0,0,94.29,66.56,,,0.5,1,0,0
1979,TCU,Northern Illinois,None,TCU,Northern Illinois,12,46,30,37,7,44,194.33,210.17,404.5,28.58,67.58,104.68,249.5,12.75,7,0,0.45801527,180.17,208.33,388.5,27,115.58,142.6,357.08,19.83,2,0,0.42105263,25,0,0,1,1,8,1,0,1,NC,15,2006,70000,0,0,0,0,0,0,0,0,0,1,0,0,0,0,1,0,0,0,81.98,64.78,,,0.34782609,1,0,0
1538,UNLV,Nevada,Major,Nevada,UNLV,3.5,48,28,31,3,34,157.5,190,347.5,24.75,167.75,123.01,341.75,27.75,2,0,0.6,95.67,260.67,356.33,25.67,137.67,137.39,424.33,22.67,0,2,0.14285714,0,0,1,1,1,2,0,0,1,NC,5,2006,40000,0,0,0,0,0,0,0,0,0,1,0,0,0,0,0,0,1,1,56.49,71.62,,,0.44444444,1,0,1
1909,Louisiana Tech,Nevada,None,Nevada,Louisiana Tech,20,57.5,42,42,0,42,180.3,199.8,380.1,32.2,130.2,114.28,312.3,19,4,0,0.38202247,122.8,213.4,336.2,19.2,224.8,162.95,474.4,41.6,0,1,0.56666667,0,0,1,1,1,2,0,1,1,WAC,12,2006,30600,0,0,0,0,0,0,0,0,0,0,0,0,0,1,1,0,0,0,49.18,71.62,,,0.33333333,1,0,0
2669,UCF,Tulsa,None,UCF,Tulsa,7.5,73.5,19,44,25,69,237.33,188.33,425.67,37.92,139.33,116.01,371.75,28.08,6,0,0.48181818,179.25,369.33,548.58,40.67,186.58,139.83,471.75,34.67,5,0,0.4587156,32,35,0,0,1,2,0,0,1,NC,14,2007,75000,0,0,0,0,0,0,0,0,0,1,0,0,0,0,1,0,0,0,75.46,70.69,,,0.4,1,0,0
2245,Houston,East Carolina,None,Houston,East Carolina,13.5,57,-2,35,37,72,223,260.33,483.33,33,179.67,126.53,376,28.33,2,0,0.57142857,102.25,195.5,297.75,17.25,163.75,157.17,420.75,31,0,2,0.63636364,0,0,1,1,1,4,0,1,1,CUSA,5,2007,50000,0,0,0,0,0,1,0,0,0,0,0,0,0,0,1,0,0,0,65.76,71.37,,,0.54166667,1,0,0
2355,Tulsa,Marshall,None,Tulsa,Marshall,14,70.5,7,38,31,69,193.2,378.6,571.8,39.2,206.8,151.12,499.6,40.8,0,1,0.54545455,104.8,280.2,385,19.2,230.2,151.95,447,38.2,0,6,0.65217391,0,0,1,1,1,6,0,1,1,MAC,7,2007,40385,0,0,0,0,0,0,0,1,0,0,0,0,0,0,1,0,0,0,70.69,57.6,,,0.7,1,1,0
2360,UTEP,East Carolina,None,UTEP,East Carolina,2,65,-3,42,45,87,190.17,234.5,424.67,35.5,162.33,134.52,489.83,30.67,3,0,0.52,123.67,191.33,315,26.33,163.5,147.22,443.67,32.83,2,0,0.59259259,0,0,1,1,1,4,0,1,1,CUSA,7,2007,52000,0,0,0,0,0,1,0,0,0,0,0,0,0,0,1,0,0,0,55.94,71.37,,,0.45801527,1,0,0
2372,Pittsburgh,Cincinnati,None,Cincinnati,Pittsburgh,9.5,50.5,-17,17,34,51,178.71,268.71,447.43,40.57,86.71,117.54,355.43,14.86,0,1,0.48648649,143.67,188.5,332.17,24.5,147.67,106.5,306.5,26,0,4,0.6969697,23,0,0,1,1,6,1,0,0,NC,8,2007,65000,0,0,0,0,0,0,0,0,0,1,0,0,0,0,1,0,0,0,70.43,82.81,,,0.6,1,0,1
2548,SMU,Rice,Major,SMU,Rice,6.5,72,-1,42,43,85,145,256.56,401.56,25.11,192,141.68,490.67,36.67,0,7,0.44444444,107.56,251,358.56,28.89,182.56,153.92,510.89,42.22,1,0,0.46575342,0,0,1,1,1,2,0,1,0,CUSA,11,2007,32000,0,0,0,0,0,1,0,0,0,0,0,0,0,0,0,0,1,1,47.44,50.78,,,0.38202247,1,0,0
623,Memphis,Bowling Green,None,Memphis,Bowling Green,3.5,67.5,-17,35,52,87,207.595,260.4375,480.2466667,39.696,125.944,142.14,407.51,28.29125,3,0,0.4592,161.0325,390.978,519.75,45.45,123,112.1671429,380.1842857,22.755,0,1,0.4583,30,36,0,0,2,2,1,0,1,NC,15,2004,62380,0,0,0,0,0,0,0,0,0,1,0,0,0,0,1,0,0,0,69.21,75.74,,,0.48181818,1,0,0
378,TCU,Houston,None,TCU,Houston,6.5,66,7,34,27,61,142.99,304.33,441.6829167,41.124,94.23,152.6257143,440.7525,34.74,0,1,0.4483,130.804,246.07,386.502,17.60875,218.7966667,124.9121429,375.425,31.77333333,0,3,0.7037,0,0,1,1,2,9,0,1,1,CUSA,8,2004,44830,0,0,0,0,0,1,0,0,0,0,0,0,0,0,1,0,0,0,66.11,61.33,,,0.57142857,1,0,0
490,Memphis,Southern Miss,Minor,Memphis,Southern Miss,6,58,4,30,26,56,200.3940625,296.805,480.2466667,39.868,127.0583333,158.3366667,409.964,30.91,0,2,0.46,164.3783333,137.805,321.5666667,29.1525,141.4714286,118.1533333,345.03,23.57,0,1,0.4375,0,31,1,0,2,3,1,1,1,CUSA,11,2004,62380,0,0,0,0,0,1,0,0,0,0,0,0,0,0,0,1,0,1,69.21,69.59,,,0.54545455,1,0,0
947,Miami-Ohio,Akron,None,Miami-Ohio,Akron,13.5,57,28,51,23,74,138.6,279.2,417.8,29.8,138,132.31,430,27.2,0,1,0.27777778,82.6,300.4,383,23.8,123.6,132.51,364.6,27.2,1,0,0.26315789,0,0,1,1,2,1,0,1,0,MAC,7,2005,30012,0,0,0,0,0,0,0,1,0,0,0,0,0,0,1,0,0,0,69.92,63.88,,,0.52,1,0,0
1062,Bowling Green,Akron,None,Bowling Green,Akron,14,59,-10,14,24,38,131,334.14,465.14,35.86,217.71,128.91,399.86,29.71,0,1,0.35714286,88.14,272.43,360.57,20.29,150.29,134.11,385.57,29.57,0,2,0.3,0,0,1,1,2,0,0,1,0,MAC,9,2005,30599,0,0,0,0,0,0,0,1,0,0,0,0,0,0,1,0,0,0,67.2,63.88,,,0.48648649,1,0,0
1198,Navy,Temple,None,Navy,Temple,28,54,21,38,17,55,276.89,121.44,398.33,31,166.22,128.04,359.78,27,0,1,0.32394366,76.6,157.5,234.1,9,184.3,164.39,457.5,46,0,11,0.61445783,0,0,1,1,2,10,0,1,0,INDP,12,2005,30000,0,0,0,0,0,0,0,0,0,0,0,0,0,0,1,0,0,0,72.21,49.46,,,0.44444444,1,0,1
1096,Navy,Tulane,None,Navy,Tulane,12.5,54.5,28,49,21,70,263.29,141.29,404.57,29.86,166.57,128.73,355.43,25.71,0,1,0.28888889,78.14,250,328.14,22.57,148.29,122.25,328.86,27.57,0,4,0.40540541,0,0,1,1,2,1,0,1,0,INDP,10,2005,30000,0,0,0,0,0,0,0,0,0,0,0,0,0,0,1,0,0,0,72.71,54.51,,,0.4592,1,0,0
1082,Ohio,Toledo,None,Toledo,Ohio,11,53,9,30,21,51,214.25,219.88,434.13,36.63,119.5,109.57,302.5,18.88,0,1,0.36170213,200.13,128.5,328.63,20.13,152.25,140.21,441.25,30.13,2,0,0.42592593,0,0,1,1,2,2,0,1,1,MAC,10,2005,24000,0,0,0,0,0,0,0,1,0,0,0,0,0,0,1,0,0,0,59.9,73.57,,,0.4483,1,0,0
1119,UCF,Houston,None,Houston,UCF,2.5,56.5,-2,29,31,60,183.14,275.86,459,29.86,181.71,107.89,396.71,25.71,1,0,0.54285714,153.13,236.38,389.5,26.13,149.5,123.08,388.75,25.25,2,0,0.42222222,0,0,1,1,2,1,0,1,1,CUSA,10,2005,70188,0,0,0,0,0,1,0,0,0,0,0,0,0,0,1,0,0,0,66.81,66,,,0.46,1,0,1
1103,SMU,Rice,Minor,SMU,Rice,8,54.5,20,27,7,34,102.63,187.25,289.88,16.63,148.63,124.97,405.25,27.75,0,2,0.46,213.14,90.57,303.71,20.86,210.86,172.8,472.57,45.71,0,13,0.64444444,0,0,1,1,2,3,0,1,0,CUSA,10,2005,32000,0,0,0,0,0,1,0,0,0,0,0,0,0,0,0,1,0,1,65.14,53.76,,,0.27777778,1,0,0
1021,Utah State,Boise St.,None,Boise St.,Utah State,18.5,60.5,24,45,21,66,220,212.83,432.83,31.83,113.33,142.1,389.33,29,4,0,0.56521739,97.6,166.4,264,19.2,148.6,134.79,383,30.4,0,1,0.25,0,0,1,1,2,0,0,1,0,WAC,8,2005,30257,0,0,0,0,0,0,0,0,0,0,0,0,0,1,1,0,0,0,54.35,74.51,,,0.35714286,1,0,0
830,Wisconsin,Indiana,None,Wisconsin,Indiana,17,48,17,41,24,65,239.25,157.5,396.75,39.5,65.5,115.1,328.75,16.75,4,0,0.4,176,239.33,415.33,31,217.33,105.25,353,19.33,3,0,0.2,17,0,0,1,2,1,1,1,0,Big Ten,5,2005,77000,0,0,0,0,0,0,0,0,0,0,0,0,0,0,1,0,0,0,84.75,68.39,,,0.32394366,1,0,0
883,Indiana,Illinois,None,Indiana,Illinois,7,54.5,23,36,13,49,163.25,240.5,403.75,29.25,188.75,123.47,359,24.75,0,1,0.6,164,218.2,382.2,22.8,232.2,155.69,468.8,36,0,3,0.64285714,0,0,1,1,2,4,0,1,0,Big Ten,6,2005,52345,0,0,0,0,0,0,0,0,0,0,0,0,0,0,1,0,0,0,68.39,62.79,,,0.28888889,1,0,0
1811,Central Michigan,Western Michigan,Minor,Central Michigan,Western Michigan,5.5,47,24,31,7,38,136.22,249,385.22,28.67,123.22,132.4,361.67,24.67,4,0,0.46052632,147.22,182,329.22,25.67,73.44,116.01,284.22,19.22,4,0,0.35897436,0,0,1,1,2,1,0,1,1,MAC,11,2006,30199,0,0,0,0,0,0,0,1,0,0,0,0,0,0,0,1,0,1,73.05,68.69,,,0.36170213,1,0,0
1718,Miami-Ohio,Ball State,None,Miami-Ohio,Ball State,5.5,52.5,-3,17,20,37,76.63,245.13,321.75,18.5,162,132.01,328.63,27,0,1,0.38461538,80.88,285.5,366.38,28.75,164.13,153.79,461.63,29.38,0,2,0.49019608,0,0,1,1,2,2,0,1,0,MAC,9,2006,30012,0,0,0,0,0,0,0,1,0,0,0,0,0,0,1,0,0,0,55.22,62.37,,,0.54285714,1,0,0
1712,Cincinnati,Syracuse,None,Cincinnati,Syracuse,6.5,37.5,14,17,3,20,134.29,182.86,317.14,18.14,93,117.16,322.57,20.86,0,1,0.63043478,107.63,172.5,280.13,21.13,204.63,124.51,412.13,24.88,0,3,0.62264151,0,0,1,1,2,2,0,0,0,NC,9,2006,35000,0,0,0,0,0,0,0,0,0,1,0,0,0,0,1,0,0,0,76.23,69,,,0.46,1,0,1
1962,Central Michigan,Ohio,None,Central Michigan,Ohio,2.5,43,21,31,10,41,126.58,247.25,373.83,29.5,135.25,126.67,353.17,24,1,0,0.51086957,161.08,124.33,285.42,21.58,130.08,98.69,291.58,16.17,7,0,0.51685393,0,0,1,1,2,6,0,1,1,MAC,14,2006,30199,0,0,0,0,0,0,0,1,0,0,0,0,0,0,1,0,0,0,73.05,93.88,,,0.56521739,1,0,0
2010,Ohio State,Florida,None,Ohio State,Florida,7.5,47,-27,14,41,55,180.08,229.67,409.75,36.33,93.5,100.84,273,10.42,19,0,0.5530303,160.31,237.77,398.08,28.85,74.46,100.31,268.77,13.46,6,0,0.62237762,1,2,0,0,2,6,1,0,1,NC,15,2006,72886,0,0,0,0,0,0,0,0,0,1,0,0,0,0,1,0,0,0,93.88,96.18,,,0.4,1,0,0
2004,Southern Cal,Michigan,None,Michigan,Southern Cal,2.5,47,-14,18,32,50,189.17,185.75,374.92,30.17,43,106.79,254.08,14.58,0,1,0.62406015,134.67,253.25,387.92,30.33,97.67,107.87,293.75,14.92,0,1,0.62222222,3,8,0,0,2,7,1,0,1,NC,15,2006,92059,0,0,0,0,0,0,0,0,0,1,0,0,0,0,1,0,0,0,95.57,90.74,,,0.6,1,0,0
1540,Tulsa,Southern Miss,None,Tulsa,Southern Miss,5.5,48,14,20,6,26,135.5,281.75,417.25,30.25,160.75,119.01,274.25,20.5,2,0,0.45454545,181.25,183.25,364.5,27,116.5,110.98,302.25,16.25,3,0,0.66666667,0,0,1,1,2,4,0,0,1,NC,6,2006,40385,0,0,0,0,0,0,0,0,0,1,0,0,0,0,1,0,0,0,69.37,73.47,,,0.46052632,1,0,1
2679,West Virginia,Pittsburgh,Major,West Virginia,Pittsburgh,28.5,59.5,-4,9,13,22,310.09,164.73,474.82,41.64,103,114.78,298,17.64,6,0,0.57142857,139.91,188.18,328.09,23.73,132.82,114.76,308.09,25.64,0,2,0.58974359,2,0,0,1,2,9,1,1,0,Big East,14,2007,63500,0,0,0,0,0,0,0,0,0,0,0,0,0,0,0,0,1,1,92.29,70.43,,,0.38461538,1,0,0
2574,Central Michigan,Eastern Michigan,Minor,Central Michigan,Eastern Michigan,14,67,-3,45,48,93,162.2,263.3,425.5,32.4,177.1,155.09,478.3,37.6,2,0,0.57142857,151.27,176.82,328.09,22,192.55,129.46,418.73,29.91,0,2,0.44,0,0,1,1,2,2,0,1,1,MAC,12,2007,30199,0,0,0,0,0,0,0,1,0,0,0,0,0,0,0,1,0,1,66.44,56.25,,,0.63043478,1,0,0
2597,Houston,Marshall,None,Houston,Marshall,11.5,65,7,35,28,63,232.8,269.4,502.2,34.2,151.8,134.66,381.3,32.5,0,1,0.41111111,138.8,268.4,407.2,22.4,201.1,147.39,444.2,33.7,1,0,0.57777778,0,0,1,1,2,3,0,0,0,NC,12,2007,50000,0,0,0,0,0,0,0,0,0,1,0,0,0,0,1,0,0,0,65.76,57.6,,,0.51086957,1,0,0
2508,UAB,Southern Miss,None,Southern Miss,UAB,11,51.5,30,37,7,44,172.38,214.75,387.13,25.63,152.25,130.36,364.75,25.88,0,1,0.39655172,109.75,201,310.75,18.63,237.5,134.56,480,33.5,0,2,0.46551724,0,0,1,1,2,3,0,1,1,CUSA,10,2007,80591,0,0,0,0,0,1,0,0,0,0,0,0,0,0,1,0,0,0,50.23,64.8,,,0.5530303,1,0,0
2209,Central Michigan,Northern Illinois,None,Central Michigan,Northern Illinois,3,60,25,35,10,45,131,252,383,23.75,182.25,171.36,509.75,43,0,2,0.81818182,147,191.25,338.25,23.75,176,123.14,421.75,26.5,1,0,0.45454545,0,0,1,1,2,7,0,1,0,MAC,5,2007,30199,0,0,0,0,0,0,0,1,0,0,0,0,0,0,1,0,0,0,66.44,50.86,,,0.62406015,1,0,0
2239,SMU,UTEP,None,SMU,UTEP,1,60.5,-3,45,48,93,131.75,240.5,372.25,22.25,121,145.07,483,36.5,0,2,0.3,153.5,201.5,355,29.25,119.5,131.65,443.75,23,1,0,0.5,0,0,1,1,2,5,0,1,0,CUSA,5,2007,32000,0,0,0,0,0,1,0,0,0,0,0,0,0,0,1,0,0,0,47.44,55.94,,,0.45454545,1,0,0
2285,Nevada,Fresno State,None,Nevada,Fresno State,3,52.5,-8,41,49,90,185.5,255.75,441.25,30,258.25,110.06,430.25,31.25,2,0,0.53846154,125.75,200.75,326.5,23.5,236,145,510.25,31.75,0,1,0.53846154,0,0,1,1,2,7,0,1,0,WAC,6,2007,77600,0,0,0,0,0,0,0,0,0,0,0,0,0,1,1,0,0,0,61.58,72.71,,,0.57142857,1,0,1
2561,Tulane,UTEP,None,UTEP,Tulane,4.5,72,-15,19,34,53,168.44,268,436.44,37.11,183.44,133.02,502.67,35.44,0,3,0.44,203.22,182.89,386.11,22.44,138.33,149.76,423.78,32.22,0,2,0.4084507,0,0,1,1,2,5,0,1,1,CUSA,11,2007,64992,0,0,0,0,0,1,0,0,0,0,0,0,0,0,1,0,0,0,52.97,55.94,,,0.57142857,1,0,1
2523,Houston,SMU,None,Houston,SMU,19,68.5,10,38,28,66,233.25,285,518.25,37.13,150.88,121.3,354.75,30.13,3,0,0.43859649,149.5,244.75,394.25,24.75,183,138.14,483,36.5,0,6,0.38596491,0,0,1,1,2,1,0,1,1,CUSA,10,2007,50000,0,0,0,0,0,1,0,0,0,0,0,0,0,0,1,0,0,0,65.76,47.44,,,0.41111111,1,0,0
377,Southern Miss,East Carolina,Minor,Southern Miss,East Carolina,19.5,48,41,51,10,61,162.3033333,135.23,301.4788889,25.14333333,178.615,99.88428571,368.4714286,23.71375,0,1,0.4,107.945,221.9466667,298.292,18.39,228.8816667,169.065,468.7,49.638,1,0,0.4,36,0,0,1,3,3,0,1,1,CUSA,8,2004,33000,0,0,0,0,0,1,0,0,0,0,0,0,0,0,0,1,0,1,69.59,56.71,,,0.39655172,1,0,0
539,Arkansas State,North Texas,None,North Texas,Arkansas State,6.5,55.5,24,31,7,38,200.5,139.012,345.8371429,28.5525,177.34,134.4514286,445.9455556,31.64,6,0,0.4268,144.095,225.57625,369.302,19.35625,187.0833333,155.5333333,433.335,33.54777778,1,0,0.3976,0,0,1,1,3,0,0,1,1,Sun Belt,12,2004,33410,0,0,0,0,0,0,0,0,0,0,0,0,0,0,1,0,0,0,51.17,63.63,,,0.81818182,1,0,0
415,Marshall,UCF,None,Marshall,UCF,26,48,17,20,3,23,96.77833333,186.39,261.8628571,25.14333333,120.3671429,109.43,309.992,19.29,4,0,0.3902,84.372,206.4633333,283.51625,15.4,213.3366667,152.4933333,438.096,39.4375,0,11,0.5,0,0,1,1,3,6,0,1,0,MAC,9,2004,40000,0,0,0,0,0,0,0,1,0,0,0,0,0,0,1,0,0,0,62.67,44.01,,,0.3,1,0,0
1230,Arizona St.,Arizona,Major,Arizona St.,Arizona,9.5,60,3,23,20,43,141.3,376.8,518.1,37.4,183.5,138.51,471.6,29.9,0,1,0.57608696,117.8,230.9,348.7,23.2,189.8,127.74,412.8,26.7,0,1,0.5952381,0,0,1,1,3,7,0,1,0,Pac Ten,13,2005,73379,0,0,0,0,0,0,0,0,0,0,0,0,0,0,0,0,1,1,80.14,84.73,,,0.53846154,1,0,0
1031,San Diego State,New Mexico,None,San Diego State,New Mexico,3,53,-23,24,47,71,144,219.43,363.43,25.29,163.71,105.74,371.14,25,1,0,0.44444444,201.14,200.57,401.71,28.43,139.43,121.44,385.29,28.43,1,0,0.51351351,0,0,1,1,3,1,0,1,1,Mountain West,8,2005,71400,0,0,0,0,0,0,0,0,0,0,0,0,0,0,1,0,0,0,70.78,68.22,,,0.44,1,0,0
1248,Oklahoma,Oklahoma State,Major,Oklahoma,Oklahoma State,19.5,52,28,42,14,56,164.4,169.6,334,26.4,99,115.69,321.4,24.9,0,1,0.68539326,168,175.4,343.4,20.8,190.6,135.03,405.6,30.2,0,1,0.56410256,32,0,0,1,3,3,0,1,0,Big Twelve,13,2005,83000,0,0,0,0,0,0,0,0,0,0,0,0,0,0,0,0,1,1,86.27,66.16,,,0.43859649,1,0,0
1192,Michigan,Ohio State,Major,Ohio State,Michigan,3,45.5,4,25,21,46,196.7,206.6,403.3,33.3,78.7,114.48,277.3,14.2,5,0,0.63218391,177.7,217.9,395.6,29.6,137.9,113.04,340.6,18.7,4,0,0.62790698,9,17,0,0,3,11,1,1,0,Big Ten,12,2005,107501,0,0,0,0,0,0,0,0,0,0,0,0,0,0,0,0,1,1,84.45,95.37,,,0.4,1,0,1
1164,Idaho,Louisiana Tech,None,Louisiana Tech,Idaho,9,52,3,41,38,79,150.63,211.88,362.5,27.75,129.75,121.55,366.13,23.13,3,0,0.33898305,68,249.38,317.38,19,167.88,139.1,416.63,35.25,1,0,0.25423729,0,0,1,1,3,8,0,1,0,WAC,11,2005,16000,0,0,0,0,0,0,0,0,0,0,0,0,0,1,1,0,0,0,51.22,66.93,,,0.4268,1,0,0
1231,Colorado,Nebraska,Minor,Colorado,Nebraska,15.5,47.5,-27,3,30,33,128.2,252.1,380.3,28.9,77,110.93,319.1,18.8,0,1,0.54444444,89.6,213.3,302.9,23.4,130.8,107.09,337.4,22.1,1,0,0.525,29,0,0,1,3,1,0,1,0,Big Twelve,13,2005,51808,0,0,0,0,0,0,0,0,0,0,0,0,0,0,0,1,0,1,77.67,81.39,,,0.3902,1,0,0
1086,Purdue,Michigan State,None,Michigan State,Purdue,5,64,-7,21,28,49,225.5,307.13,532.63,38.88,134.38,138.14,414.38,27,1,0,0.5,168,263.5,431.5,28,145.25,149.94,476,33.88,0,6,0.61818182,0,0,1,1,3,2,0,1,0,Big Ten,10,2005,67861,0,0,0,0,0,0,0,0,0,0,0,0,0,0,1,0,0,0,77.35,78.68,,,0.57608696,1,0,1
1111,Ohio State,Illinois,None,Ohio State,Illinois,34,55,38,40,2,42,181,204.63,385.63,30.63,77.63,120.45,295.25,16.63,3,0,0.69642857,163.13,216.38,379.5,20.13,228.25,159.24,456.13,40,0,6,0.60377358,12,0,0,1,3,8,1,1,0,Big Ten,10,2005,101568,0,0,0,0,0,0,0,0,0,0,0,0,0,0,1,0,0,0,95.37,62.79,,,0.44444444,1,0,0
983,UAB,Southern Miss,None,UAB,Southern Miss,2,50.5,-9,28,37,65,127,295,422,27.17,129.33,118.35,333.83,21,0,2,0.22727273,97,236.6,333.6,34.2,142.8,126.11,384,24.4,1,0,0.66666667,0,0,1,1,3,4,0,1,1,CUSA,8,2005,80591,0,0,0,0,0,1,0,0,0,0,0,0,0,0,1,0,0,0,64.18,70.21,,,0.68539326,1,0,1
1824,Eastern Michigan,Navy,None,Navy,Eastern Michigan,15.5,47.5,28,49,21,70,324.67,50,374.67,25.11,132.33,138.96,355.78,21.67,1,0,0.57971014,113.11,176.11,289.22,15.56,191.56,135.11,374.22,25.78,0,2,0.43421053,0,0,1,1,3,3,0,1,0,INDP,11,2006,30200,0,0,0,0,0,0,0,0,0,0,0,0,0,0,1,0,0,0,51.2,75.33,,,0.63218391,1,0,1
1491,TCU,BYU,None,TCU,BYU,6,47,-14,17,31,48,183,174.67,357.67,25,37,103.62,275.33,7.67,13,0,0.66666667,124.5,317.5,442,30.75,96,108.99,317.25,17.5,1,0,0.5,17,0,0,1,3,2,1,1,1,Mountain West,5,2006,44830,0,0,0,0,0,0,0,0,0,0,0,0,0,0,1,0,0,0,81.98,87.44,,,0.33898305,1,0,0
1564,Cincinnati,Akron,None,Cincinnati,Akron,6.5,43.5,6,20,14,34,106.8,184.2,291,18,102,115.73,322,21.8,1,0,0.75,77.2,253.6,330.8,21,123.4,129.95,322.2,25,0,1,0.41666667,0,0,1,1,3,2,0,0,0,NC,6,2006,35000,0,0,0,0,0,0,0,0,0,1,0,0,0,0,1,0,0,0,76.23,61.14,,,0.54444444,1,0,1
1749,Southern Miss,East Carolina,None,Southern Miss,East Carolina,6,46,-3,17,20,37,153.14,167.14,320.29,21.57,148.57,119.6,348.14,21.14,0,1,0.59090909,108.57,259.43,368,22.71,178.71,130,351.57,23.57,1,0,0.55555556,0,0,1,1,3,5,0,1,1,CUSA,9,2006,33000,0,0,0,0,0,1,0,0,0,0,0,0,0,0,1,0,0,0,73.47,68.88,,,0.5,1,0,0
1996,Boston College,Navy,None,Boston College,Navy,8,48,1,25,24,49,116.33,241.08,357.42,26.08,90.08,105.51,303.17,15,0,1,0.56818182,327.42,53.92,381.33,28.58,120.33,132.08,336.83,19.67,4,0,0.43609023,23,33,0,0,3,4,1,0,0,NC,15,2006,73367,0,0,0,0,0,0,0,0,0,1,0,0,0,0,1,0,0,0,82.4,75.33,,,0.69642857,1,0,0
1974,Florida International,Troy State,None,Troy State,Florida International,11,38,13,26,13,39,116.18,200.64,316.82,20.82,147.73,125.05,353.45,23.55,1,0,0.4625,60.18,171.82,232,9.27,144.91,121.94,301.18,26.09,0,11,0.4691358,0,0,1,1,3,5,0,1,1,Sun Belt,14,2006,17000,0,0,0,0,0,0,0,0,0,0,0,0,0,0,1,0,0,0,43.67,66.35,,,0.22727273,1,0,0
1893,Ohio State,Michigan,Major,Ohio State,Michigan,7,40.5,3,42,39,81,179.45,221.82,401.27,35.82,90.18,96.64,261.73,7.82,18,0,0.51401869,194.55,178.36,372.91,29.36,29.91,101.08,231.45,12.09,11,0,0.58878505,1,2,0,0,3,3,1,1,0,Big Ten,12,2006,101568,0,0,0,0,0,0,0,0,0,0,0,0,0,0,0,0,1,1,93.88,90.74,,,0.57971014,1,0,0
1808,Akron,Buffalo,None,Akron,Buffalo,17.5,50,15,31,16,47,97.56,231.89,329.44,22,135.44,123.23,337.44,24.56,1,0,0.4,89.78,183.78,273.56,19.22,211,137.99,382,34.44,1,0,0.44871795,0,0,1,1,3,6,0,1,1,MAC,11,2006,35202,0,0,0,0,0,0,0,1,0,0,0,0,0,0,1,0,0,0,61.14,50.27,,,0.66666667,1,0,0
1565,Colorado,Baylor,None,Colorado,Baylor,5,36.5,-3,31,34,65,134,119.4,253.4,9.8,80.2,144.04,320.6,19.2,0,9,0.6,27.4,281.4,308.8,21.2,96.2,112.39,323,14.8,1,0,0.6,0,0,1,1,3,4,0,1,0,Big Twelve,6,2006,51808,0,0,0,0,0,0,0,0,0,0,0,0,0,0,1,0,0,0,62.93,65.21,,,0.75,1,0,0
1708,Missouri,Oklahoma,None,Missouri,Oklahoma,1.5,46,-16,10,26,36,164.88,254.63,419.5,33.13,109.75,105.97,282.25,14.63,1,0,0.5,170.86,207.71,378.57,31.57,115.14,110.97,266.71,15.86,2,0,0.53191489,23,19,0,0,3,1,1,1,0,Big Twelve,9,2006,62000,0,0,0,0,0,0,0,0,0,0,0,0,0,0,1,0,0,0,76.3,84.83,,,0.59090909,1,0,0
1648,Virginia,North Carolina,Minor,Virginia,North Carolina,6,41.5,23,23,0,23,92,167.43,259.43,18.14,125.71,126.46,299.14,21.43,0,2,0.51351351,119.83,179.5,299.33,17.5,207.83,144.03,392,35.67,0,3,0.75,0,0,1,1,3,5,0,1,1,ACC,8,2006,61500,1,1,0,0,0,0,0,0,0,0,0,0,0,0,0,1,0,1,68.78,62.46,,,0.56818182,1,0,0
2282,Tennessee,Georgia,None,Tennessee,Georgia,1.5,56.5,21,35,14,49,132.25,285.75,418,34.5,188.25,135.56,439,37.5,1,0,0.78571429,323.2,184.2,507.4,40.4,97.4,118.09,273.4,17.8,0,1,0.55555556,0,12,1,0,3,3,1,1,0,SEC,6,2007,104400,1,0,0,0,0,0,0,0,0,0,0,1,0,0,1,0,0,0,84.31,89.83,,,0.4625,1,0,0
2594,Notre Dame,Duke,None,Notre Dame,Duke,6,47.5,21,28,7,35,56.6,161.4,218,14.8,207.6,121.31,372.5,32.4,0,4,0.64210526,52.9,213.2,266.1,19.4,176.9,148.93,442.9,35,0,7,0.64130435,0,0,1,1,3,4,0,0,0,NC,12,2007,80225,0,0,0,0,0,0,0,0,0,1,0,0,0,0,1,0,0,0,64.55,59.7,,,0.51401869,1,0,1
2643,Southern Miss,Arkansas State,None,Southern Miss,Arkansas State,14,56,6,16,10,26,202.45,200,402.45,29.45,130.27,128.18,363.45,24.82,1,0,0.44545455,170,211.64,381.64,25.55,163.91,130.11,367.91,28.64,1,0,0.41509434,0,0,1,1,3,2,0,0,0,NC,13,2007,33000,0,0,0,0,0,0,0,0,0,1,0,0,0,0,1,0,0,0,64.8,58.71,,,0.4,1,0,0
2344,Stanford,TCU,None,TCU,Stanford,5.5,47,2,38,36,74,131.67,208,339.67,20.5,134.83,97.52,337.5,16.17,0,1,0.48148148,110.4,244.8,355.2,22.4,170.8,151.81,455,32.8,1,0,0.7826087,0,47,1,0,3,8,0,0,0,NC,7,2007,85500,0,0,0,0,0,0,0,0,0,1,0,0,0,0,1,0,0,0,69.05,74.78,,,0.6,1,0,0
2654,Marshall,UAB,None,Marshall,UAB,15.5,57,7,46,39,85,138.55,267.64,406.18,22.91,198.64,149.27,446.73,33.82,0,1,0.58715596,110.55,199.55,310.09,17.82,264.09,132.02,487.73,34.09,0,5,0.52727273,0,0,1,1,3,0,0,0,0,NC,13,2007,40000,0,0,0,0,0,0,0,0,0,1,0,0,0,0,1,0,0,0,57.6,50.23,,,0.5,1,0,0
2404,Arizona,Stanford,None,Arizona,Stanford,12,55.5,-1,20,21,41,76.86,296.29,373.14,26.14,120.57,118.92,360.29,27,0,2,0.59459459,120.33,236.33,356.67,24.67,167.33,155.25,461.5,33.67,0,1,0.72727273,0,0,1,1,3,6,0,1,0,Pac Ten,8,2007,57803,0,0,0,0,0,0,0,0,0,0,0,0,0,0,1,0,0,0,76.4,69.05,,,0.51351351,1,1,1
2320,South Florida,UCF,None,South Florida,UCF,12,54.5,52,64,12,76,181,182.6,363.6,29.4,115.4,92.83,312.2,16.4,7,0,0.69565217,239.6,197.8,437.4,37.6,152.8,125.08,366.4,29.8,0,1,0.375,5,0,0,1,3,2,1,0,0,NC,7,2007,65000,0,0,0,0,0,0,0,0,0,1,0,0,0,0,1,0,0,0,82.45,75.46,,,0.78571429,1,1,0
2247,TCU,Colorado State,None,TCU,Colorado State,10,45.5,12,24,12,36,113.75,210.25,324,19.5,130.5,96.97,347,15.25,1,0,0.75,143,252.33,395.33,27.67,175.67,128.33,373.67,34.33,0,10,0.625,0,0,1,1,3,4,0,1,1,Mountain West,5,2007,44830,0,0,0,0,0,0,0,0,0,0,0,0,0,0,1,0,0,0,74.78,64.02,,,0.64210526,1,0,0
2373,Purdue,Iowa,None,Purdue,Iowa,7,44.5,25,31,6,37,139,295.71,434.71,36.43,143.86,114.19,394.43,24.71,0,2,0.52380952,121.57,192.29,313.86,16.29,117.14,115.69,301.86,15.14,1,0,0.45238095,0,0,1,1,3,9,0,1,0,Big Ten,8,2007,67861,0,0,0,0,0,0,0,0,0,0,0,0,0,0,1,0,0,0,73.76,67.7,,,0.44545455,1,0,0
2268,Michigan State,Northwestern,None,Michigan State,Northwestern,16.5,53,-7,41,48,89,208.8,237.2,446,33,119.4,107.82,304.8,19.8,0,1,0.55555556,84.75,295.25,380,18.75,263,156.3,447.5,41.75,0,5,0.73333333,32,0,0,1,3,5,0,1,0,Big Ten,6,2007,72057,0,0,0,0,0,0,0,0,0,0,0,0,0,0,1,0,0,0,75.29,65.3,,,0.48148148,1,0,0
399,Syracuse,Connecticut,None,Syracuse,Connecticut,3,49,12,42,30,72,138.75,161.625,306.58,17.22571429,183.57,140.34,414.6933333,26.4025,0,2,0.6341,145.725,289.12,438.535,31.846,148.6077778,110.36,338.2183333,23.10555556,1,0,0.4194,0,0,1,1,4,6,0,1,0,Big East,9,2004,50000,0,0,0,0,0,0,0,0,0,0,0,0,0,0,1,0,0,0,71.35,73.67,,,0.58715596,1,0,0
551,Clemson,South Carolina,Major,Clemson,South Carolina,3,42,22,29,7,36,96.55125,201.2033333,280.9933333,18.84,137.348,103.2042857,342.755,21.6496875,0,1,0.5185,175.988,214.5971429,397.664,24.3525,123.7866667,105.898,309.4166667,20.13888889,0,1,0.4938,0,0,1,1,4,7,0,0,0,NC,12,2004,81473,0,0,0,0,0,0,0,0,0,1,0,0,0,0,0,0,1,1,74.48,72.98,,,0.59459459,1,0,0
541,Mississippi St.,Arkansas,Minor,Arkansas,Mississippi St.,10,51,3,24,21,45,212.1666667,226.1916667,428.092,33.63625,156.07,145.3633333,391.8,22.43,1,0,0.6267,162.3033333,131.3125,281.3125,13.8,169.945,136.2666667,355.9216667,26.4025,0,1,0.5231,0,0,1,1,4,5,0,1,0,SEC,12,2004,55000,1,0,0,0,0,0,0,0,0,0,0,1,0,0,0,1,0,1,61.3,74.55,,,0.69565217,1,0,0
419,San Jose St.,UTEP,None,UTEP,San Jose St.,15.5,61,18,38,20,58,151.7066667,240.126,399.994,33.63625,130.89,99.375,364.146,23.454,4,0,0.6471,158.6233333,161.2325,335.1133333,29.4,242.878,119.0216667,424.41,43.175,0,2,0.2759,32,0,0,1,4,0,0,1,0,WAC,9,2004,31218,0,0,0,0,0,0,0,0,0,0,0,0,0,1,1,0,0,0,55.64,74.71,,,0.75,1,0,0
887,Kansas State,Kansas,Major,Kansas State,Kansas,6,49.5,9,12,3,15,195.25,216.5,411.75,32.75,118.75,101.54,276,22.5,0,1,0.33333333,141.5,198.75,340.25,29.25,72,126.41,338.75,17.75,0,1,0.28571429,0,0,1,1,4,3,0,1,0,Big Twelve,6,2005,52250,0,0,0,0,0,0,0,0,0,0,0,0,0,0,0,0,1,1,72.29,78.89,,,0.52380952,1,0,0
1078,New Mexico State,Idaho,None,New Mexico State,Idaho,5.5,53.5,-1,37,38,75,79.71,243.86,323.57,14.29,205.86,151.75,460.57,38.86,0,8,0.58974359,64.43,215.14,279.57,16.29,169.86,141.95,405.43,35,0,2,0.31578947,0,0,1,1,4,8,0,1,1,Sun Belt,9,2005,30343,0,0,0,0,0,0,0,0,0,0,0,0,0,0,1,0,0,0,44.25,51.22,,,0.55555556,1,0,0
1276,Clemson,Colorado,None,Clemson,Colorado,9,46.5,9,19,10,29,152.36,234,386.36,27,139,111.82,334.09,18.27,3,0,0.486,118.08,232.42,350.5,24.58,95.25,118.52,347.83,24,0,3,0.5776,23,0,0,1,4,6,1,0,1,NC,15,2005,70000,0,0,0,0,0,0,0,0,0,1,0,0,0,0,1,0,0,0,81.2,77.67,,,0.6341,1,0,0
899,Oklahoma State,Missouri,None,Missouri,Oklahoma State,5.5,51,7,38,31,69,250.25,247.5,497.75,37.75,185.5,135.55,418.25,33.5,0,1,0.5,163.75,124,287.75,14.5,147.75,104.43,294.25,14.25,0,1,0.3,0,0,1,1,4,2,0,1,0,Big Twelve,6,2005,50616,0,0,0,0,0,0,0,0,0,0,0,0,0,0,1,0,0,0,66.16,76.88,,,0.5185,1,0,1
972,Arizona,Stanford,None,Arizona,Stanford,5,50,-4,16,20,36,81,235,316,20,227.4,124.6,430.8,28,0,3,0.58823529,134.25,191.5,325.75,25.5,174.5,134.16,455.25,30.75,1,0,0.7,0,0,1,1,4,5,0,1,1,Pac Ten,7,2005,57803,0,0,0,0,0,0,0,0,0,0,0,0,0,0,1,0,0,0,69.94,76.41,,,0.6267,1,1,1
847,Alabama,Florida,None,Florida,Alabama,4,48,-28,3,31,34,149.25,268.25,417.5,34.5,79,73.45,223,13,4,0,0.57142857,184.75,216.5,401.25,29.25,87.75,99.83,232.5,13.75,4,0,0.28571429,5,15,0,0,4,5,1,1,0,SEC,5,2005,83818,1,0,0,0,0,0,0,0,0,0,0,1,0,0,1,0,0,0,84.31,83.95,,,0.6471,1,0,0
1010,Wake Forest,NC State,None,NC State,Wake Forest,3,47.5,-8,19,27,46,95.4,251.8,347.2,24.2,144.6,101.23,342.6,21.2,0,1,0.63157895,205.14,157.14,362.29,23.43,138.86,124.72,405.71,30.57,0,2,0.64705882,0,0,1,1,4,6,0,1,0,ACC,8,2005,31500,1,1,0,0,0,0,0,0,0,0,0,0,0,0,1,0,0,0,71.04,78.87,,,0.33333333,1,0,1
1868,Boston College,Maryland,None,Boston College,Maryland,8,42,22,38,16,54,124.8,247.5,372.3,26.1,94.2,105.11,306,14.7,1,0,0.58888889,122,171.7,293.7,22,167.7,120.24,360.9,20.1,5,0,0.5505618,20,21,0,0,4,2,1,1,0,ACC,12,2006,44500,1,1,0,0,0,0,0,0,0,0,0,0,0,0,1,0,0,0,82.4,77.11,,,0.58974359,1,0,0
1942,Oklahoma State,Oklahoma,Major,Oklahoma,Oklahoma State,5.5,54,6,27,21,48,184.18,191.55,375.73,30.36,97.18,99.63,265,15.55,6,0,0.5625,216.18,197.09,413.27,36.64,141.91,140.02,376.55,25,0,1,0.5625,13,0,0,1,4,1,1,1,0,Big Twelve,13,2006,50616,0,0,0,0,0,0,0,0,0,0,0,0,0,0,0,0,1,1,76.37,84.83,,,0.486,1,0,0
1598,UCF,Pittsburgh,None,Pittsburgh,UCF,10.5,46.5,45,52,7,59,140.67,259,399.67,35.17,115.17,103.2,283.17,14.33,3,0,0.44827586,135,190.8,325.8,17.8,140.8,149.95,406.2,24.6,1,0,0.59090909,32,0,0,1,4,2,0,0,1,NC,7,2006,70188,0,0,0,0,0,0,0,0,0,1,0,0,0,0,1,0,0,0,60.12,75.8,,,0.5,1,0,0
1929,Louisiana Tech,Fresno State,None,Fresno State,Louisiana Tech,12,53.5,7,34,27,61,167,154.1,321.1,22.8,133.6,149.31,359.7,28.8,2,0,0.53658537,126.45,209.27,335.73,17.45,223.73,160.57,468.45,41.64,0,2,0.56666667,0,0,1,1,4,2,0,1,1,WAC,13,2006,30600,0,0,0,0,0,0,0,0,0,0,0,0,0,1,1,0,0,0,49.18,62.03,,,0.58823529,1,0,0
1735,Florida Atlantic,Arkansas State,None,Arkansas State,Florida Atlantic,6.5,37.5,-29,0,29,29,184.29,154.57,338.86,18,127.43,113.79,281.86,20.14,4,0,0.29545455,103.43,179.71,283.14,10.43,178.57,126.31,366.86,32,0,1,0.5,0,0,1,1,4,6,0,1,0,Sun Belt,9,2006,75540,0,0,0,0,0,0,0,0,0,0,0,0,0,0,1,0,0,0,56.09,59,,,0.57142857,1,1,0
1766,Vanderbilt,Florida,None,Florida,Vanderbilt,17,43,6,25,19,44,157.5,227.25,384.75,26.5,67.25,95.19,261,12.25,1,0,0.71186441,157.56,173.78,331.33,23.22,163.78,124.49,319.56,20.22,1,0,0.52941176,7,0,0,1,4,7,1,1,0,SEC,10,2006,41600,1,0,0,0,0,0,0,0,0,0,0,1,0,0,1,0,0,0,69.9,96.18,,,0.63157895,1,1,0
1518,Miami-Florida,Houston,None,Miami-Florida,Houston,17,48.5,1,14,13,27,135,211.33,346.33,22.67,59.33,141.83,263.33,18,0,1,0.77777778,173.5,312.25,485.75,38,110.5,148.37,323,21,4,0,0.4,27,39,0,0,4,4,0,0,0,NC,5,2006,74476,0,0,0,0,0,0,0,0,0,1,0,0,0,0,1,0,0,0,74.63,73.11,,,0.58888889,1,1,0
1711,Michigan,Northwestern,None,Michigan,Northwestern,29.5,44.5,14,17,3,20,172.25,190.38,362.63,29.75,33.63,106.6,240.88,12.63,8,0,0.69090909,166.25,138.5,304.75,17.13,142,134.8,383,27.5,0,5,0.49056604,2,0,0,1,4,6,1,1,0,Big Ten,9,2006,107501,0,0,0,0,0,0,0,0,0,0,0,0,0,0,1,0,0,0,90.74,62.95,,,0.5625,1,0,1
1606,Georgia,Vanderbilt,None,Georgia,Vanderbilt,14,38,-2,22,24,46,135.33,165.5,300.83,26.83,102.5,110.35,258.33,14.17,0,1,0.51724138,158.17,162.83,321,21.17,148.5,129.6,302.83,16.83,0,1,0.5,16,0,0,1,4,4,1,1,0,SEC,7,2006,92100,1,0,0,0,0,0,0,0,0,0,0,1,0,0,1,0,0,0,84.4,69.9,,,0.44827586,1,0,0
2281,Penn State,Iowa,None,Penn State,Iowa,9,39,20,27,7,34,164.2,222.6,386.8,32.8,87,102.36,265,15,0,2,0.3,123,295.4,418.4,29,166.8,154.23,457.2,36.4,0,2,0.55555556,39,0,0,1,4,11,0,1,0,Big Ten,6,2007,107282,0,0,0,0,0,0,0,0,0,0,0,0,0,0,1,0,0,0,80.6,67.7,,,0.53658537,1,0,0
2540,Vanderbilt,Kentucky,None,Kentucky,Vanderbilt,3.5,57.5,7,27,20,47,176.22,273.89,450.11,38.89,192.67,115.78,383.11,29,0,2,0.65277778,157.33,161.33,318.67,22.11,128.22,112.43,322.89,20.89,0,1,0.5974026,25,0,0,1,4,2,1,1,0,SEC,11,2007,41600,1,0,0,0,0,0,0,0,0,0,0,1,0,0,1,0,0,0,74.19,83.02,,,0.29545455,1,0,0
2222,Navy,Air Force,Major,Navy,Air Force,2.5,55.5,11,31,20,51,360,103.25,463.25,32.75,156,175.1,448.5,34.25,1,0,0.36363636,223,130.75,353.75,20,97.75,114.93,333.5,15.75,0,1,0.5,0,0,1,1,4,2,0,0,0,NC,5,2007,30000,0,0,0,0,0,0,0,0,0,1,0,0,0,0,0,0,1,1,68.4,74.94,,,0.71186441,1,1,0
2304,Rutgers,Cincinnati,None,Rutgers,Cincinnati,4,52.5,-5,23,28,51,191.75,300.25,492,40.5,143.25,97.28,276,15.25,0,1,0.57142857,348.4,98.4,446.8,32.4,172.2,173.46,453.6,31.4,2,0,0.42105263,21,20,0,0,4,0,1,0,1,NC,6,2007,41500,0,0,0,0,0,0,0,0,0,1,0,0,0,0,1,0,0,0,77.24,82.81,,,0.77777778,1,0,0
2558,North Texas,Navy,None,Navy,North Texas,15,73.5,12,74,62,136,333.33,104.67,438,36.89,185.11,167.29,450.11,38.78,1,0,0.47945205,95,297.88,392.88,20.38,209.38,147.71,498,46.5,0,2,0.421875,0,0,1,1,4,6,0,0,1,NC,11,2007,30500,0,0,0,0,0,0,0,0,0,1,0,0,0,0,1,0,0,0,47.45,68.4,,,0.69090909,1,0,0
2579,Georgia Tech,North Carolina,None,Georgia Tech,North Carolina,9.5,42,2,27,25,52,211.6,175.6,387.2,26.9,90.5,119.36,293,17.5,1,0,0.52222222,93.7,235.6,329.3,20.9,138.7,124.02,339.9,25.3,0,1,0.61290323,0,0,1,1,4,7,0,1,0,ACC,12,2007,46000,1,1,0,0,0,0,0,0,0,0,0,0,0,0,1,0,0,0,73.07,69.61,,,0.51724138,1,1,0
645,Texas,Michigan,None,Texas,Michigan,6,54,1,38,37,75,283.1316667,143.1575,486.8566667,37.66285714,83.78,110.186,307.918,16.874,6,0,0.5856,149.0525,236.17,397.664,31.90571429,118.09,113.2357143,316.9575,21.89857143,0,1,0.5321,6,13,0,0,5,7,1,0,0,NC,15,2004,91136,0,0,0,0,0,0,0,0,0,1,0,0,0,0,1,0,0,0,88.48,82.6,,,0.3,1,0,0
498,Indiana,Penn State,None,Penn State,Indiana,3.5,37,4,22,18,40,112.56,200.0925,305.976,13.306,124.0616667,102.955,287.6842857,14.3175,0,6,0.5713,124.334,186.221875,320.69,25.93666667,208.04,128.9925,438.6275,27.75,0,1,0.4507,0,0,1,1,5,7,0,1,0,Big Ten,11,2004,52345,0,0,0,0,0,0,0,0,0,0,0,0,0,0,1,0,0,0,64.55,71.23,,,0.65277778,1,1,0
343,Clemson,Maryland,None,Clemson,Maryland,3.5,43,3,10,7,17,111.6375,210.3933333,306.58,24.12454545,168.15,121.80875,379.4658333,27.135,1,0,0.6207,149.1977778,175.625,345.36,26.3575,139.564,112.1671429,317.2933333,22.755,0,2,0.4231,0,0,1,1,5,7,0,1,0,ACC,8,2004,81473,1,1,0,0,0,0,0,0,0,0,0,0,0,0,1,0,0,0,74.48,73.84,,,0.36363636,1,0,1
412,Colorado,Texas,None,Texas,Colorado,14,49.5,24,31,7,38,295.946,150.3714286,450.8825,34.81333333,132.18,109.57,334.8811111,14.775,2,0,0.5854,131.4675,237.9944444,367.6083333,24.91857143,161.4575,134.475,466.2875,24.5,0,1,0.575,8,0,0,1,5,7,1,1,0,Big Twelve,9,2004,51808,0,0,0,0,0,0,0,0,0,0,0,0,0,0,1,0,0,0,76.92,88.48,,,0.57142857,1,0,0
476,Alabama,Mississippi St.,None,Alabama,Mississippi St.,17.5,39,16,30,14,44,224.1666667,128.274,353.9271429,31.142,119.08,81.23375,229.56,13.39666667,0,1,0.5,164.3783333,137.805,310.1975,13.545,172.46,135.7989286,360.7916667,25.07875,2,0,0.4889,30,0,0,1,5,3,1,1,0,SEC,10,2004,83818,1,0,0,0,0,0,0,0,0,0,0,1,0,0,1,0,0,0,71.79,61.3,,,0.47945205,1,0,0
1077,San Diego State,TCU,None,TCU,San Diego State,7,55,3,23,20,43,169.13,205.63,374.75,33,134,106.8,361.38,21.25,6,0,0.46153846,137.75,216.63,354.38,25.13,179,111.95,391.5,27.75,0,1,0.46,20,0,0,1,5,3,1,1,1,Mountain West,9,2005,71400,0,0,0,0,0,0,0,0,0,0,0,0,0,0,1,0,0,0,70.78,84.73,,,0.52222222,1,1,0
933,Mississippi,Alabama,None,Alabama,Mississippi,13.5,39,3,13,10,23,172,230.4,402.4,29.6,98,93.85,251.2,11.6,5,0,0.61111111,100.6,211.4,312,16.8,144.6,101.35,326.6,19,1,0,0.5,6,0,0,1,5,4,1,1,0,SEC,7,2005,60580,1,0,0,0,0,0,0,0,0,0,0,1,0,0,1,0,0,0,62.24,84.31,,,0.5856,1,0,0
1188,Houston,SMU,None,Houston,SMU,13,50,-5,24,29,53,177.5,280.5,458,29.75,186.5,113.39,409,26.38,0,1,0.53703704,122.33,178.78,301.11,17.78,150.56,118.06,385.78,25.44,1,0,0.38888889,0,0,1,1,5,3,0,1,0,CUSA,12,2005,50000,0,0,0,0,0,1,0,0,0,0,0,0,0,0,1,0,0,0,66,65.14,,,0.5713,1,0,0
1166,Arizona,Washington,None,Arizona,Washington,13.5,48.5,-24,14,38,52,121.22,230.44,351.67,24.22,173.89,127.67,404.22,25.44,2,0,0.66101695,117.22,229.56,346.78,19.67,140.67,156.84,420.11,33,0,6,0.60294118,0,0,1,1,5,8,0,1,0,Pac Ten,11,2005,57803,0,0,0,0,0,0,0,0,0,0,0,0,0,0,1,0,0,0,69.94,66.37,,,0.6207,1,1,0
848,Wake Forest,Clemson,None,Clemson,Wake Forest,7,47.5,-4,27,31,58,122.25,207,329.25,24,165.75,118.24,358.5,25,0,2,0.66666667,230.5,129.25,359.75,19.75,136.5,112.48,349.25,27.75,0,1,0.625,32,0,0,1,5,4,0,1,0,ACC,5,2005,31500,1,1,0,0,0,0,0,0,0,0,0,0,0,0,1,0,0,0,71.04,81.2,,,0.5854,1,0,0
1268,Hawaii,San Diego State,None,Hawaii,San Diego State,3,65.5,11,49,38,87,76.45,389.55,466,29,192.55,145.01,427.91,35.45,0,1,0.49541284,148.82,214.36,363.18,25.91,178.27,105.57,389.45,25.09,2,0,0.53271028,0,0,1,1,5,3,0,1,1,WAC,14,2005,50000,0,0,0,0,0,0,0,0,0,0,0,0,0,1,1,0,0,0,64.31,70.78,,,0.5,1,1,0
843,Mississippi St.,LSU,None,LSU,Mississippi St.,14.5,39,30,37,7,44,190,244,434,35,99,155.22,560,31,1,0,1,124,168,292,17.25,96.75,131.87,312,17.75,0,1,0.83333333,4,0,0,1,5,2,1,1,0,SEC,5,2005,55000,1,0,0,0,0,0,0,0,0,0,0,1,0,0,1,0,0,0,61,88.28,,,0.46153846,1,0,0
1242,Southern Miss,Tulane,None,Southern Miss,Tulane,21.5,54,19,26,7,33,100.8,242.3,343.1,29.8,170,131.21,413.1,24.6,0,2,0.53164557,86.8,239.6,326.4,22.7,198.5,128.74,367.3,32.2,0,7,0.41772152,0,0,1,1,5,5,0,1,0,CUSA,13,2005,33000,0,0,0,0,0,1,0,0,0,0,0,0,0,0,1,0,0,0,70.21,54.51,,,0.61111111,1,1,0
861,Oklahoma,Kansas State,None,Oklahoma,Kansas State,7,48,22,43,21,64,160.33,137,297.33,21.67,79.67,127.11,341.67,24.33,0,1,0.75,253,213.33,466.33,36.67,81,96.5,244.33,15.67,3,0,0.2,0,0,1,1,5,5,0,1,1,Big Twelve,5,2005,83000,0,0,0,0,0,0,0,0,0,0,0,0,0,0,1,0,0,0,86.27,72.29,,,0.53703704,1,0,0
1946,Pittsburgh,Louisville,None,Louisville,Pittsburgh,11.5,58.5,24,48,24,72,190.1,275.2,465.3,37.1,103.4,109.8,315,15.8,1,0,0.61728395,127.82,242.09,369.91,32.45,183,118.57,350.73,20.55,0,4,0.48314607,8,0,0,1,5,7,1,1,0,Big East,13,2006,65000,0,0,0,0,0,0,0,0,0,0,0,0,0,0,1,0,0,0,75.8,93.81,,,0.66101695,1,0,0
1750,South Carolina,Tennessee,None,Tennessee,South Carolina,3.5,44,7,31,24,55,119.57,293,412.57,32.43,118.86,115.5,278.86,18.43,4,0,0.65909091,139.14,209.57,348.71,22.71,146.71,98.66,294.14,14,2,0,0.52173913,8,30,0,0,5,9,1,1,1,SEC,9,2006,80250,1,0,0,0,0,0,0,0,0,0,0,1,0,0,1,0,0,0,82.49,85.41,,,0.66666667,1,1,0
1580,South Florida,Connecticut,None,South Florida,Connecticut,6.5,39.5,22,38,16,54,142.8,233.4,376.2,22.6,118,101.4,300.2,16.4,0,2,0.33333333,242.25,137.25,379.5,24,190.25,91.79,324.75,19.75,0,1,0.71428571,0,0,1,1,5,8,0,1,1,Big East,6,2006,65000,0,0,0,0,0,0,0,0,0,0,0,0,0,0,1,0,0,0,79.33,68.26,,,0.49541284,1,0,0
1706,Wisconsin,Illinois,None,Wisconsin,Illinois,22,45,6,30,24,54,196.25,202,398.25,32.63,114.63,84.55,245.75,11.5,4,0,0.52830189,189.5,176.63,366.13,19.25,127.88,111.99,298.38,25.63,0,3,0.58181818,17,0,0,1,5,0,1,1,0,Big Ten,9,2006,77000,0,0,0,0,0,0,0,0,0,0,0,0,0,0,1,0,0,0,88.73,60.66,,,1,1,1,0
1939,Tennessee,Kentucky,None,Tennessee,Kentucky,19,60.5,5,17,12,29,111.36,266.45,377.82,30.45,145.09,120.41,315.27,20.18,1,0,0.63736264,95.82,273.27,369.09,27.91,197.45,144.82,468.73,30.18,4,0,0.58888889,19,0,0,1,5,8,1,1,0,SEC,13,2006,104400,1,0,0,0,0,0,0,0,0,0,0,1,0,0,1,0,0,0,85.41,80.25,,,0.53164557,1,0,0
1882,Iowa St.,Missouri,None,Missouri,Iowa St.,13.5,52.5,-5,16,21,37,151.4,256.5,407.9,29.5,129.2,115.6,303.5,17.7,0,2,0.54736842,93.18,221.82,315,18.64,159.55,159.62,391.55,32.09,0,6,0.51923077,0,0,1,1,5,8,0,1,0,Big Twelve,12,2006,43000,0,0,0,0,0,0,0,0,0,0,0,0,0,0,1,0,0,0,63.59,76.3,,,0.75,1,0,0
1989,Rutgers,Kansas State,None,Rutgers,Kansas State,8.5,44.5,27,37,10,47,177.58,156.33,333.92,29.17,106.83,105.76,259.75,14.67,0,1,0.57251908,122.17,205.83,328,23.83,143.42,121.72,334.5,22.67,0,1,0.54477612,16,0,0,1,5,7,1,0,1,NC,15,2006,70000,0,0,0,0,0,0,0,0,0,1,0,0,0,0,1,0,0,0,88.17,70.77,,,0.61728395,1,0,0
1559,Mississippi,Vanderbilt,None,Vanderbilt,Mississippi,1.5,38.5,-7,10,17,27,164,141.2,305.2,23.4,148.6,138.74,327.6,16.8,2,0,0.75,139.8,135,274.8,12.2,165.4,133.96,351.2,26.2,0,4,0.72727273,0,0,1,1,5,3,0,1,0,SEC,6,2006,60580,1,0,0,0,0,0,0,0,0,0,0,1,0,0,1,0,0,0,68.05,69.9,,,0.65909091,1,1,0
1585,Arkansas State,UL-Monroe,None,Arkansas State,UL-Monroe,6,43,4,10,6,16,155.75,119,274.75,15.25,118.75,114.82,286.25,25.5,1,0,0.55555556,118.75,216.5,335.25,17.25,142.75,130.84,334,22.25,0,3,0.5,0,0,1,1,5,4,0,1,1,Sun Belt,6,2006,33410,0,0,0,0,0,0,0,0,0,0,0,0,0,0,1,0,0,0,59,58.92,,,0.33333333,1,0,0
1886,Mississippi St.,Arkansas,None,Arkansas,Mississippi St.,14.5,45,14,28,14,42,240.9,158.8,399.7,30.8,113.5,105.62,291.5,15.6,9,0,0.52222222,83.6,193.7,277.3,19,119.9,138.95,340,26.1,1,0,0.58695652,5,0,0,1,5,9,1,1,0,SEC,12,2006,55000,1,0,0,0,0,0,0,0,0,0,0,1,0,0,1,0,0,0,66.56,85.64,,,0.52830189,1,0,0
1618,Texas A&M,Missouri,None,Missouri,Texas A&M,1.5,50.5,-6,19,25,44,179,244.83,423.83,34.17,72.67,105.22,255,11.83,7,0,0.4,203.33,208.67,412,34.5,113.67,105.39,293.17,16.17,1,0,0.51851852,19,0,0,1,5,1,1,1,0,Big Twelve,7,2006,82600,0,0,0,0,0,0,0,0,0,0,0,0,0,0,1,0,0,0,76.98,76.3,,,0.63736264,1,1,0
1628,Washington St.,California,None,California,Washington St.,9,57,18,21,3,24,167.33,280.17,447.5,39.5,130.83,130.28,368.5,21,5,0,0.66666667,162.5,252.17,414.67,26.33,98.83,118.52,319.83,18.17,1,0,0.57142857,10,0,0,1,5,10,1,1,0,Pac Ten,7,2006,37600,0,0,0,0,0,0,0,0,0,0,0,0,0,0,1,0,0,0,77.59,89.9,,,0.54736842,1,0,0
1645,Buffalo,Miami-Ohio,None,Miami-Ohio,Buffalo,7.5,45,7,38,31,69,73.2,231.8,305,14.4,182.2,136.21,337.4,26.6,0,5,0.44,100.2,210.2,310.4,18.8,254.6,161.28,432.2,35,0,4,0.375,0,0,1,1,5,6,0,1,0,MAC,7,2006,30000,0,0,0,0,0,0,0,1,0,0,0,0,0,0,1,0,0,0,50.27,55.22,,,0.57251908,1,0,0
1494,Connecticut,Navy,None,Connecticut,Navy,1,41,-24,17,41,58,267.33,124.33,391.67,26.33,99,78.81,231.33,12.67,1,0,0.71428571,330.5,44.5,375,27.25,104.5,134.45,360.75,19,0,1,0.5,0,0,1,1,5,1,0,1,0,INDP,5,2006,45000,0,0,0,0,0,0,0,0,0,0,0,0,0,0,1,0,0,0,68.26,75.33,,,0.75,1,1,0
1730,Oklahoma State,Nebraska,None,Nebraska,Oklahoma State,6,54.5,-12,29,41,70,186.5,248.38,434.88,34.88,102,111,320.25,14.5,0,1,0.53061224,203.29,218.43,421.71,37.43,144.57,136.31,341.57,22.29,0,1,0.5,20,0,0,1,5,1,1,1,1,Big Twelve,9,2006,50616,0,0,0,0,0,0,0,0,0,0,0,0,0,0,1,0,0,0,76.37,79.69,,,0.55555556,1,0,0
2681,Missouri,Oklahoma,None,Oklahoma,Missouri,3,66,21,38,17,55,193.92,263.67,457.58,43.83,91.42,118.46,324.58,18.25,1,0,0.50892857,170.5,336.83,507.33,41.92,114.92,119.54,380.75,23.42,6,0,0.5555555,9,1,0,0,5,2,1,1,1,Big Twelve,14,2007,75000,0,0,0,0,0,0,0,0,0,0,0,0,0,0,1,0,0,0,90.48,90.66,,,0.52222222,1,1,0
2510,Toledo,Eastern Michigan,None,Toledo,Eastern Michigan,7.5,62.5,24,52,28,80,211.78,237.33,449.11,34.78,220,146.49,447,40.44,2,0,0.45588235,130.89,179,309.89,20.22,177.89,126.71,398.56,26.44,1,0,0.44117647,0,0,1,1,5,1,0,1,1,MAC,10,2007,26248,0,0,0,0,0,0,0,1,0,0,0,0,0,0,1,0,0,0,57.49,56.25,,,0.4,1,0,0
2494,Michigan State,Michigan,Major,Michigan,Michigan State,4,53,4,28,24,52,203.44,214.33,417.78,29,128.56,108.67,317.44,18.67,7,0,0.57352941,213.11,222.67,435.78,33.56,129.89,132,337,25.78,0,2,0.52941176,15,0,0,1,5,2,1,1,0,Big Ten,10,2007,72057,0,0,0,0,0,0,0,0,0,0,0,0,0,0,0,0,1,1,75.29,82.27,,,0.66666667,1,0,0
2387,UCLA,California,None,California,UCLA,3,57,-9,21,30,51,196.17,238.5,434.67,37.5,125.67,121.16,380,25.5,0,1,0.5,181,219.83,400.83,28,81.67,116.34,324.5,23.83,0,1,0.45454545,10,0,0,1,5,9,1,1,0,Pac Ten,8,2007,100089,0,0,0,0,0,0,0,0,0,0,0,0,0,0,1,0,0,0,78.74,79.33,,,0.44,1,0,0
2519,Arkansas,South Carolina,None,Arkansas,South Carolina,4.5,50,12,48,36,84,287.63,163.25,450.88,40.25,151.88,84.92,328.38,19.75,2,0,0.44827586,121.22,237.11,358.33,25,169.22,93.66,322.89,17.78,0,2,0.58461538,0,23,1,0,5,9,1,1,1,SEC,10,2007,72000,1,0,0,0,0,0,0,0,0,0,0,1,0,0,1,0,0,0,81.39,79.23,,,0.71428571,1,0,0
2439,Washington,Arizona,None,Washington,Arizona,4,55,-7,41,48,89,158.71,180,338.71,27,241.71,119.97,465.29,32.14,0,5,0.79545455,103.63,226.13,329.75,20.38,168.13,124.69,366.63,28.88,3,0,0.44230769,0,0,1,1,5,4,0,1,0,Pac Ten,9,2007,72500,0,0,0,0,0,0,0,0,0,0,0,0,0,0,1,0,0,0,73.81,76.4,,,0.53061224,1,0,0
2450,Nevada,Idaho,None,Nevada,Idaho,16.5,67.5,16,37,21,58,234.14,275.29,509.43,37,245.71,129.22,433.57,38.71,1,0,0.48837209,124.75,200.38,325.13,15.13,133.75,148.27,363.5,30.75,0,5,0.57407407,0,0,1,1,5,1,0,1,0,WAC,9,2007,77600,0,0,0,0,0,0,0,0,0,0,0,0,0,1,1,0,0,0,61.58,45.97,,,0.50892857,1,0,0
2303,Purdue,Ohio State,None,Ohio State,Purdue,7.5,52,16,23,7,30,132.4,203.6,336,19.4,85.4,116.16,267.4,14.6,0,3,0.45,186,309.8,495.8,45.4,127.4,106.39,384.4,20.4,5,0,0.35,4,23,0,0,5,3,1,1,1,Big Ten,6,2007,67861,0,0,0,0,0,0,0,0,0,0,0,0,0,0,1,0,0,0,73.76,87.48,,,0.45588235,1,0,0
608,Southern Cal,Notre Dame,Major,Southern Cal,Notre Dame,23,49.5,31,41,10,51,183.914,268.4166667,449.79,39.868,64.57333333,89.17166667,250.032,10.80333333,19,0,0.5269,112.56,233.06,352.5033333,27.17,75.9225,128.815,354.27,20.665,0,1,0.5824,1,0,0,1,6,1,1,1,0,INDP,13,2004,92000,0,0,0,0,0,0,0,0,0,0,0,0,0,0,0,0,1,1,103.37,77.15,,,0.57352941,1,0,1
1009,Alabama,Tennessee,Major,Alabama,Tennessee,3.5,38,3,6,3,9,163.5,231,394.5,26.83,93.17,97.6,255.83,11.33,6,0,0.53846154,98.8,237.4,336.2,19,93.4,109.23,298.6,18,0,1,0.69565217,5,17,0,0,6,6,1,1,0,SEC,8,2005,83818,1,0,0,0,0,0,0,0,0,0,0,1,0,0,0,0,1,1,84.31,74.49,,,0.5,1,0,0
961,California,Oregon St.,None,California,Oregon St.,16,59,-3,20,23,43,271.17,201.83,473,40.17,105,97.56,306.33,16.67,0,1,0.33333333,92,347,439,33.2,120.4,151.37,469.6,35.8,1,0,0.6,18,0,0,1,6,2,1,1,0,Pac Ten,7,2005,75000,0,0,0,0,0,0,0,0,0,0,0,0,0,0,1,0,0,0,79.38,72.04,,,0.44827586,1,1,0
957,Notre Dame,Southern Cal,Major,Southern Cal,Notre Dame,11.5,71,3,34,31,65,291.2,349.2,640.4,51.6,90.8,123.26,337,19.2,27,0,0.47368421,174.4,329.8,504.2,37,116.6,123.46,422.2,24,2,0,0.47619048,1,9,0,0,6,2,1,1,0,INDP,7,2005,80225,0,0,0,0,0,0,0,0,0,0,0,0,0,0,0,0,1,1,86.75,98.93,,,0.79545455,1,0,0
1194,NC State,Middle Tennessee,None,NC State,Middle Tennessee,18,39.5,21,24,3,27,121.56,217.44,339,21.22,118.89,102.35,305.11,21.67,0,1,0.60606061,114.75,186.63,301.38,19.88,142.63,110.27,336,17.5,0,1,0.421875,0,0,1,1,6,2,0,0,0,NC,12,2005,51500,0,0,0,0,0,0,0,0,0,1,0,0,0,0,1,0,0,0,78.87,58.96,,,0.48837209,1,0,0
1244,Louisville,Syracuse,None,Louisville,Syracuse,35.5,60,24,41,17,58,190.56,305.67,496.22,47.33,116.78,117.74,317.11,23.67,3,0,0.47945205,112.9,140,252.9,13.5,184,113.75,359.5,25.4,0,8,0.48148148,17,0,0,1,6,3,1,1,0,Big East,13,2005,42000,0,0,0,0,0,0,0,0,0,0,0,0,0,0,1,0,0,0,82.57,58.55,,,0.45,1,0,0
1085,Northwestern,Iowa,None,Iowa,Northwestern,2.5,59,-1,27,28,55,176.75,233.75,410.5,29.63,135,133.18,371.5,17.88,0,1,0.45833333,198.25,316.75,515,34.63,196.88,129.28,494.75,32.63,0,1,0.63793103,34,27,0,0,6,4,0,1,0,Big Ten,10,2005,47129,0,0,0,0,0,0,0,0,0,0,0,0,0,0,1,0,0,0,78.69,81.09,,,0.5269,1,0,1
1131,Fresno State,Boise St.,None,Fresno State,Boise St.,8.5,63.5,20,27,7,34,174.63,223,397.63,41.88,117.63,112.37,307,15.75,6,0,0.37254902,219,227.22,446.22,37.89,104.67,127.61,360.56,23.89,7,0,0.40677966,20,28,0,0,6,1,1,1,1,WAC,11,2005,41000,0,0,0,0,0,0,0,0,0,0,0,0,0,1,1,0,0,0,74.28,74.51,,,0.53846154,1,1,1
1087,Rutgers,South Florida,None,Rutgers,South Florida,3,46.5,-14,31,45,76,148.88,235.38,384.25,28,125.5,121.47,345.75,19,3,0,0.37209302,216.33,134.67,351,25,124.83,114.2,311,18.67,0,2,0.72727273,28,0,0,1,6,2,0,1,0,Big East,10,2005,41500,0,0,0,0,0,0,0,0,0,0,0,0,0,0,1,0,0,0,72.6,72.48,,,0.33333333,1,0,0
1004,Memphis,East Carolina,None,Memphis,East Carolina,7.5,51.5,3,27,24,51,273.33,134,407.33,29.17,153.33,130.97,430.5,23.17,1,0,0.47826087,115.67,252.5,368.17,24.17,206.33,107.82,374.67,27.17,2,0,0.27586207,0,0,1,1,6,5,0,1,0,CUSA,8,2005,62380,0,0,0,0,0,1,0,0,0,0,0,0,0,0,1,0,0,0,69.1,64.19,,,0.47368421,1,0,1
1163,New Mexico State,Nevada,None,Nevada,New Mexico State,10,59.5,24,48,24,72,163.25,267.25,430.5,30.63,146.75,123.91,389.63,31.5,1,0,0.37288136,85.89,240.33,326.22,15.89,204.11,150.25,481.11,40.67,0,10,0.56923077,0,0,1,1,6,4,0,1,0,WAC,11,2005,30343,0,0,0,0,0,0,0,0,0,0,0,0,0,1,1,0,0,0,44.25,68.67,,,0.60606061,1,0,0
1812,UAB,UTEP,None,UAB,UTEP,1,52,-19,17,36,53,138,167.11,305.11,18.44,149.22,130.4,336.89,22.78,0,3,0.45833333,74.44,279.44,353.89,28,146.44,134.25,401,30.11,0,3,0.47945205,0,0,1,1,6,3,0,1,1,CUSA,11,2006,80591,0,0,0,0,0,1,0,0,0,0,0,0,0,0,1,0,0,0,59.17,61.57,,,0.47945205,1,0,0
1666,Notre Dame,UCLA,None,Notre Dame,UCLA,13,49.5,3,20,17,37,106.83,273.5,380.33,30.33,134.83,130.16,347.67,23.67,3,0,0.65714286,143.67,189.83,333.5,25.67,84.33,108.17,252,15.33,0,1,0.45714286,10,0,0,1,6,10,1,1,0,INDP,8,2006,80225,0,0,0,0,0,0,0,0,0,0,0,0,0,0,1,0,0,0,83,78.52,,,0.45833333,1,0,0
2001,Tennessee,Penn State,None,Tennessee,Penn State,3.5,41,-10,10,20,30,110.08,264.25,374.33,29.33,143.67,122.35,323.17,19.5,2,0,0.60447761,147.25,200.17,347.42,22.5,87.83,104.35,279,14.75,2,0,0.60150376,17,30,0,0,6,4,1,0,0,NC,15,2006,65657,0,0,0,0,0,0,0,0,0,1,0,0,0,0,1,0,0,0,85.41,84.38,,,0.37254902,1,0,0
1509,Arizona St.,Oregon,None,Oregon,Arizona St.,0,62.5,-35,13,48,61,180.5,255.75,436.25,32.25,113,146.89,311.25,21.75,0,1,0.45454545,198.33,273,471.33,37.67,171,110.87,353.67,22.33,3,0,0.5,28,14,0,0,6,5,1,1,0,Pac Ten,5,2006,73379,0,0,0,0,0,0,0,0,0,0,0,0,0,0,1,0,0,0,76.73,78.27,,,0.37209302,1,0,0
1586,Georgia,Tennessee,None,Tennessee,Georgia,2.5,38,18,51,33,84,133,296.2,429.2,32,126.8,124.86,284.2,16.6,2,0,0.8,133.4,163.6,297,25.6,100,100.54,233.4,6.8,5,0,0.45454545,13,10,0,0,6,5,1,1,0,SEC,6,2006,92100,1,0,0,0,0,0,0,0,0,0,0,1,0,0,1,0,0,0,84.4,85.41,,,0.47826087,1,0,0
2520,Akron,Ohio,None,Ohio,Akron,3,52.5,-11,37,48,85,160.9,220.7,381.6,29.1,192.8,122.83,409.2,28.2,2,0,0.43373494,127.11,182,309.11,19.33,188.56,138.91,398.44,30.11,0,3,0.52,0,0,1,1,6,1,0,1,1,MAC,11,2007,35202,0,0,0,0,0,0,0,1,0,0,0,0,0,0,1,0,0,0,56.67,87.48,,,0.37288136,1,0,0
2454,Auburn,Mississippi,None,Auburn,Mississippi,17.5,44,14,17,3,20,157,173.25,330.25,25.38,116.75,108.31,305.13,17.38,0,1,0.68627451,171,288.71,459.71,35.57,213.71,107.97,397.14,27,5,0,0.36363636,23,0,0,1,6,2,1,1,1,SEC,9,2007,87514,1,0,0,0,0,0,0,0,0,0,0,1,0,0,1,0,0,0,84.42,67.64,,,0.45833333,1,0,0
2288,Washington St.,Arizona St.,None,Arizona St.,Washington St.,9,63,3,23,20,43,173,275.4,448.4,39.4,80.6,89.46,278.2,13,5,0,0.5,123,295.4,418.4,29,166.8,154.23,457.2,36.4,0,2,0.55555556,18,0,0,1,6,11,1,1,0,Pac Ten,6,2007,37600,0,0,0,0,0,0,0,0,0,0,0,0,0,0,1,0,0,0,72.29,84.35,,,0.65714286,1,0,0
2682,Hawaii,Washington,None,Hawaii,Washington,13.5,73.5,7,35,28,63,77.55,450.91,528.45,47.18,119.91,111.63,344,23.82,12,0,0.39473684,198.25,195.25,393.5,29.33,192.42,135.34,438.75,31.33,0,1,0.58870968,11,0,0,1,6,2,1,0,0,NC,14,2007,50000,0,0,0,0,0,0,0,0,0,1,0,0,0,0,1,0,0,0,78.1,73.81,,,0.60447761,1,0,0
2416,LSU,Auburn,Minor,LSU,Auburn,10,42,6,30,24,54,232.14,195.71,427.86,37.71,68,83.75,223.14,14.14,0,1,0.7,165.57,169.57,335.14,25.57,109.29,100.27,279,15.57,4,0,0.67567568,5,18,0,0,6,6,1,1,1,SEC,8,2007,91667,1,0,0,0,0,0,0,0,0,0,0,1,0,0,0,1,0,1,93.39,84.42,,,0.45454545,1,0,0
2411,Illinois,Michigan,None,Michigan,Illinois,2.5,50,10,27,17,44,201.29,206.71,408,28.57,126.86,114.59,339,20.14,5,0,0.61538462,243.43,151.14,394.57,26.71,106.43,122.13,361.86,18.57,0,1,0.65,24,28,0,0,6,4,1,1,1,Big Ten,8,2007,71000,0,0,0,0,0,0,0,0,0,0,0,0,0,0,1,0,0,0,79.27,82.27,,,0.8,1,1,0
2464,Penn State,Ohio State,None,Ohio State,Penn State,4,39.5,20,37,17,54,180,258.25,438.25,29.75,191.63,151.05,533.63,37.5,0,6,0.67924528,186.25,219.63,405.88,33.13,79.75,109.08,279.5,15,3,0,0.49090909,1,24,0,0,6,7,1,1,1,Big Ten,9,2007,107282,0,0,0,0,0,0,0,0,0,0,0,0,0,0,1,0,0,0,80.6,87.48,,,0.43373494,1,0,0
356,Auburn,Kentucky,None,Auburn,Kentucky,30.5,46,32,42,10,52,206.8171429,260.2535,469.4028571,37.585,100.105,102.892,251.6925,10.80333333,9,0,0.6207,113.0833333,166.0825,265.3783333,13.306,214.4633333,128.958,412.962,26.678,0,4,0.5333,3,0,0,1,7,9,1,1,0,SEC,8,2004,87514,1,0,0,0,0,0,0,0,0,0,0,1,0,0,1,0,0,0,93.33,59.54,,,0.68627451,1,1,0
591,Arizona,Arizona St.,Major,Arizona St.,Arizona,14,48,-7,27,34,61,111.5483333,309.6655556,435.75,31.42,124.0616667,108.944,350.1944444,23.454,2,0,0.6842,100.364,151.9857143,261.8628571,7.1925,125.6769444,134.91,363.8866667,24.7625,0,1,0.6207,18,0,0,1,7,5,1,1,0,Pac Ten,13,2004,57803,0,0,0,0,0,0,0,0,0,0,0,0,0,0,0,0,1,1,69.12,85.18,,,0.5,1,0,0
337,Colorado State,Wyoming,Major,Colorado State,Wyoming,4.5,48,23,30,7,37,70.25285714,322.2,387.8585714,20.256,221.46125,115.9766667,420.5125,28.29125,1,0,0.56,137.5845833,229.3371429,360.73,27.23,134.74,108.944,390.385,19.71384615,0,1,0.44,0,0,1,1,7,4,0,1,1,Mountain West,8,2004,30000,0,0,0,0,0,0,0,0,0,0,0,0,0,0,0,0,1,1,68.33,73.6,,,0.39473684,1,0,0
477,Arizona St.,Stanford,None,Arizona St.,Stanford,11,47,3,34,31,65,102.1255556,308.4033333,399.6664286,29.77666667,133.2925,113.27,363.8866667,23.71375,0,1,0.7593,98.87714286,269.2783333,360.41,23.83333333,127.4225,112.244,368.165,17.95666667,0,2,0.5185,23,0,0,1,7,3,1,1,0,Pac Ten,10,2004,73379,0,0,0,0,0,0,0,0,0,0,0,0,0,0,1,0,0,0,85.18,74.04,,,0.7,1,1,1
1038,Georgia Tech,Clemson,None,Georgia Tech,Clemson,3,45,1,10,9,19,153.5,206.33,359.83,22.33,95.67,102.07,301,21,1,0,0.51612903,148.14,248.14,396.29,27.29,128.57,121.91,341,21.14,2,0,0.5,30,0,0,1,7,5,0,1,0,ACC,9,2005,46000,1,1,0,0,0,0,0,0,0,0,0,0,0,0,1,0,0,0,76.5,81.2,,,0.61538462,1,0,0
1137,North Carolina,Maryland,None,North Carolina,Maryland,3,46,-3,30,33,63,103.5,203,306.5,17.63,126.5,125.15,341.88,25.5,1,0,0.71186441,146.25,237.63,383.88,25.88,180,117.65,349.38,24.25,0,2,0.57377049,0,0,1,1,7,6,0,1,0,ACC,11,2005,60000,1,1,0,0,0,0,0,0,0,0,0,0,0,0,1,0,0,0,75.53,77.27,,,0.67924528,1,0,0
1973,Florida,Arkansas,None,Florida,Arkansas,3,45.5,10,38,28,66,156.83,241.42,398.25,28.08,69.67,99.06,265.25,12.25,5,0,0.63829787,236.25,148.17,384.42,30.17,117.25,107.84,299.83,16.75,0,1,0.52222222,4,8,0,0,7,4,1,1,1,SEC,14,2006,90000,1,0,0,0,0,0,0,0,0,0,0,1,0,0,1,0,0,0,96.18,85.64,,,0.6207,1,1,0
1701,Cincinnati,South Florida,None,South Florida,Cincinnati,1,42.5,-17,6,23,29,164.71,214.71,379.43,26.86,116.86,96.56,292.43,16.86,2,0,0.38888889,134.29,182.86,317.14,18.14,93,116.68,322.57,20.86,0,1,0.60526316,0,0,1,1,7,2,0,0,1,NC,8,2006,35000,0,0,0,0,0,0,0,0,0,1,0,0,0,0,1,0,0,0,76.23,79.33,,,0.6842,1,0,1
1635,Louisiana Tech,Idaho,None,Louisiana Tech,Idaho,3,52.5,-10,14,24,38,98.4,211.8,310.2,13.8,240.8,170.59,462.4,44.2,0,3,0.7826087,115.5,209.17,324.67,20.5,158.67,145.97,413,31,2,0,0.38461538,0,0,1,1,7,2,0,1,1,WAC,7,2006,30600,0,0,0,0,0,0,0,0,0,0,0,0,0,1,1,0,0,0,49.18,54.48,,,0.56,1,0,1
1726,Oregon St.,Southern Cal,None,Southern Cal,Oregon St.,10.5,45.5,-2,31,33,64,163,232.67,395.67,30,100.17,106.22,282.33,15,6,0,0.7,127.43,234.43,361.86,24.43,96.86,113,285,20,2,0,0.625,3,0,0,1,7,2,1,1,0,Pac Ten,9,2006,35362,0,0,0,0,0,0,0,0,0,0,0,0,0,0,1,0,0,0,83.32,95.57,,,0.7593,1,0,0
1592,UTEP,SMU,None,UTEP,SMU,11,57.5,3,24,21,45,75.75,303.25,379,31.5,118,139.82,431.25,32.25,1,0,0.375,149.6,194,343.6,28.4,81.6,130.26,350.2,22,3,0,0.44444444,0,0,1,1,7,3,0,1,1,CUSA,6,2006,52000,0,0,0,0,0,1,0,0,0,0,0,0,0,0,1,0,0,0,61.57,62.78,,,0.51612903,1,1,0
1741,Maryland,Florida State,None,Florida State,Maryland,4,42.5,-3,24,27,51,102.29,246,348.29,28.86,78.86,114.65,283.43,19,0,1,0.53488372,144.71,162.43,307.14,23.71,168.86,114.96,348.14,21.71,2,0,0.51162791,0,0,1,1,7,0,0,1,0,ACC,9,2006,48055,1,1,0,0,0,0,0,0,0,0,0,0,0,0,1,0,0,0,77.11,78.73,,,0.71186441,1,1,0
1961,Hawaii,Purdue,None,Hawaii,Purdue,20,75,7,42,35,77,109.82,434.91,544.73,49.18,140.36,123.42,373.64,22.09,8,0,0.45054945,135.58,286.33,421.92,26.83,187.67,127.66,414.33,25.67,3,0,0.43925234,25,0,0,1,7,5,1,0,0,NC,13,2006,50000,0,0,0,0,0,0,0,0,0,1,0,0,0,0,1,0,0,0,82.51,70.36,,,0.63829787,1,1,0
1794,Stanford,Southern Cal,None,Southern Cal,Stanford,28,46,42,42,0,42,152,257.43,409.43,30.14,98.57,112.04,292.14,17.57,0,1,0.67307692,72.63,161.13,233.75,10.38,255.5,136.86,425.63,34.5,0,10,0.58928571,9,0,0,1,7,8,1,1,1,Pac Ten,10,2006,85500,0,0,0,0,0,0,0,0,0,0,0,0,0,0,1,0,0,0,61.42,95.57,,,0.38888889,1,0,0
2592,Wyoming,BYU,None,BYU,Wyoming,11.5,46,25,35,10,45,138,310,448,30.44,101.44,116.02,312.11,19.78,6,0,0.5,145,181.8,326.8,19.5,118.6,114.47,309.1,24,0,2,0.55434783,28,0,0,1,7,3,0,1,0,Mountain West,12,2007,33500,0,0,0,0,0,0,0,0,0,0,0,0,0,0,1,0,0,0,65.4,83.18,,,0.7826087,1,0,0
2525,Eastern Michigan,Bowling Green,None,Bowling Green,Eastern Michigan,3.5,58,7,39,32,71,114.11,300.11,414.22,30.89,218.89,140.16,428.56,32.78,1,0,0.45333333,139.5,181.1,320.6,21,192.5,129.96,418.7,29,0,1,0.44047619,0,0,1,1,7,2,0,1,1,MAC,11,2007,30200,0,0,0,0,0,0,0,1,0,0,0,0,0,0,1,0,0,0,56.25,62.27,,,0.7,1,0,0
2290,Clemson,Virginia Tech,None,Clemson,Virginia Tech,5.5,40.5,-18,23,41,64,150,251.6,401.6,31.2,154.2,90.27,303.4,17.4,0,1,0.41176471,116.6,169,285.6,22.6,121.2,102.69,308.2,15,3,0,0.6,22,15,0,0,7,5,1,1,1,ACC,6,2007,81473,1,1,0,0,0,0,0,0,0,0,0,0,0,0,1,0,0,0,81.93,87.84,,,0.375,1,0,0
2500,Tennessee,UL-Lafayette,None,Tennessee,UL-Lafayette,28.5,67.5,52,59,7,66,141.75,262.25,404,31.25,159.38,131.79,418.5,31.25,1,0,0.63793103,242.5,145.88,388.38,24.38,233.75,145.37,494,37.75,0,2,0.50877193,24,0,0,1,7,7,1,0,0,NC,10,2007,104400,0,0,0,0,0,0,0,0,0,1,0,0,0,0,1,0,0,0,84.31,53.98,,,0.53488372,1,1,0
2383,Air Force,Wyoming,None,Air Force,Wyoming,3,44,8,20,12,32,260.43,133.57,394,25.14,157.29,113.55,366.57,18.43,2,0,0.5,161.67,193,354.67,21.67,95.83,115.62,280.5,19.83,0,1,0.59375,38,0,0,1,7,4,0,1,0,Mountain West,8,2007,52480,0,0,0,0,0,0,0,0,0,0,0,0,0,0,1,0,0,0,74.94,65.4,,,0.45054945,1,0,0
350,Duke,Virginia,None,Virginia,Duke,25,50,21,37,16,53,233.2071429,236.17,485.2783333,40.2,107.2933333,126.5416667,295.2616667,17.29,0,1,0.4516,116.2933333,128.274,202,17.03,204.89,139.9025,423.2,29.868,0,1,0.5455,14,0,0,1,8,1,1,1,0,ACC,8,2004,33941,1,1,0,0,0,0,0,0,0,0,0,0,0,0,1,0,0,0,66.24,81.65,,,0.67307692,1,0,0
447,Penn State,Northwestern,None,Penn State,Northwestern,4,38,-7,7,14,21,118.2483333,193.8745833,317.6318182,13.8,110.5342857,104.49,268.94375,15.45714286,0,5,0.5741,154.69,253,418.98,25.93181818,139.564,130.41875,414.9483333,28.08,1,0,0.625,0,0,1,1,8,5,0,1,0,Big Ten,10,2004,107282,0,0,0,0,0,0,0,0,0,0,0,0,0,0,1,0,0,0,71.23,72.54,,,0.5,1,0,0
869,San Jose St.,Nevada,None,Nevada,San Jose St.,4,61,7,30,23,53,117,282,399,21.33,236.33,133.04,425.67,37,0,1,0.33333333,133.33,202.33,335.67,25,181,161.52,489,38.67,0,2,0.16666667,0,0,1,1,8,0,0,1,1,WAC,5,2005,31218,0,0,0,0,0,0,0,0,0,0,0,0,0,1,1,0,0,0,54.85,68.67,,,0.45333333,1,0,0
1159,Wake Forest,Miami-Florida,None,Miami-Florida,Wake Forest,16.5,46.5,30,47,17,64,152.88,213.75,366.63,30,97.38,73.09,214.75,10.38,7,0,0.53333333,204,153.8,357.8,25.2,127.4,119.26,373.3,26.9,0,1,0.47222222,3,0,0,1,8,8,1,1,0,ACC,11,2005,31500,1,1,0,0,0,0,0,0,0,0,0,0,0,0,1,0,0,0,71.04,84.93,,,0.41176471,1,1,0
874,San Diego State,BYU,None,BYU,San Diego State,1,57,-21,10,31,41,93.67,367.33,461,32.67,110,118.85,345.33,27,0,1,0.66666667,135.75,242,377.75,27,193.5,108.73,365,33.25,1,0,0.55555556,0,0,1,1,8,4,0,1,1,Mountain West,5,2005,71400,0,0,0,0,0,0,0,0,0,0,0,0,0,0,1,0,0,0,70.78,72.41,,,0.63793103,1,0,0
1187,Iowa,Minnesota,Major,Iowa,Minnesota,6,54,24,52,28,80,179.6,237,416.6,28.4,121.4,130.22,370.1,18.1,1,0,0.55,295,208.2,503.2,37,152.8,119.93,387.1,26.2,2,0,0.6,32,26,0,0,8,2,0,1,0,Big Ten,12,2005,70397,0,0,0,0,0,0,0,0,0,0,0,0,0,0,0,0,1,1,81.09,81.04,,,0.5,1,0,0
1723,Alabama,Florida International,None,Alabama,Florida International,34,43.5,35,38,3,41,136.75,219,355.75,23,113.38,113.5,290.38,17.38,0,1,0.52,72.71,180.71,253.43,13.14,130.43,112.44,289.71,23.71,0,7,0.53488372,36,0,0,1,8,20,0,0,0,NC,9,2006,83818,0,0,0,0,0,0,0,0,0,1,0,0,0,0,1,0,0,0,73.1,43.67,,,0.4516,1,1,0
2646,UCLA,Oregon,None,Oregon,UCLA,2,50,-16,0,16,16,268.1,237.7,505.8,40.9,126.8,121.7,396.3,23.2,0,1,0.59793814,163.3,200,363.3,25.2,111.1,121.94,361.2,24.9,0,3,0.5257732,9,0,0,1,8,13,1,1,0,Pac Ten,13,2007,100089,0,0,0,0,0,0,0,0,0,0,0,0,0,0,1,0,0,0,78.74,88.19,,,0.5741,1,0,0
2379,South Carolina,Vanderbilt,None,South Carolina,Vanderbilt,13.5,45.5,-11,6,17,23,127.71,221.14,348.86,27.86,182.29,88.46,331.43,16.57,3,0,0.63414634,147.83,174.33,322.17,22.67,148.67,105.93,314.67,20,0,2,0.57142857,6,0,0,1,8,2,1,1,0,SEC,8,2007,80250,1,0,0,0,0,0,0,0,0,0,0,1,0,0,1,0,0,0,79.23,74.19,,,0.33333333,1,0,0
2330,Miami-Ohio,Bowling Green,None,Miami-Ohio,Bowling Green,2,58,34,47,13,60,137.33,226.33,363.67,16,202.5,132.71,458.67,28.33,2,0,0.5,86.2,352,438.2,32.4,189.4,140.91,422.2,34,0,1,0.52173913,0,0,1,1,8,4,0,1,0,MAC,7,2007,30012,0,0,0,0,0,0,0,1,0,0,0,0,0,0,1,0,0,0,58.78,62.27,,,0.53333333,1,1,0
2316,Michigan,Purdue,None,Michigan,Purdue,5.5,56.5,27,48,21,69,203.33,196.33,399.67,25.33,141.5,117.03,346.83,20,4,0,0.57142857,155.67,302.83,458.5,39,136.33,107.71,383.83,20.83,0,1,0.5,30,27,0,0,8,3,0,1,0,Big Ten,7,2007,107501,0,0,0,0,0,0,0,0,0,0,0,0,0,0,1,0,0,0,82.27,73.76,,,0.66666667,1,0,0
549,Duke,North Carolina,Major,North Carolina,Duke,6.5,54,23,40,17,57,169.32,221.9466667,387.215,27.21333333,225.8685714,142.48,470.465,31.77333333,1,0,0.7286,86.99,169.646,216.7166667,14.30333333,220.61,127.08,431.6033333,28.29125,1,0,0.5735,0,0,1,1,9,3,0,1,0,ACC,12,2004,33941,1,1,0,0,0,0,0,0,0,0,0,0,0,0,0,0,1,1,66.24,76.35,,,0.55,1,0,1
463,Washington,Arizona,None,Washington,Arizona,1.5,34.5,-10,13,23,36,129.3375,186.39,304.1,10.75,168.15,123.906,370.912,29.59,0,3,0.5385,113.0833333,171.075,254.75,9.96,119.73,142.48,352.0925,24.41857143,0,7,0.6667,0,0,1,1,9,4,0,1,0,Pac Ten,10,2004,72500,0,0,0,0,0,0,0,0,0,0,0,0,0,0,1,0,0,0,62.11,69.12,,,0.52,1,0,0
338,Tennessee,Alabama,Major,Tennessee,Alabama,7,41.5,4,17,13,30,190.964,224.388,420.05875,28.27714286,115.8075,126.584,350.0133333,22.59333333,2,0,0.6875,244.22,121.945,378.1016667,32.08857143,119.98375,68.724,235.3942857,14.42,2,0,0.5,11,28,0,0,9,5,1,1,0,SEC,8,2004,104400,1,0,0,0,0,0,0,0,0,0,0,1,0,0,0,0,1,1,83.89,71.79,,,0.59793814,1,0,0
554,Miami-Florida,Wake Forest,None,Miami-Florida,Wake Forest,18.5,48,45,52,7,59,131.1014286,241.6144444,373.7766667,36.115,148.11,104.49,337.0083333,16.91,1,0,0.6082,220.3285714,147.3125,386.502,24.48833333,156.548,112.1671429,380.58,19.71384615,0,1,0.4688,12,0,0,1,9,5,1,1,0,ACC,12,2004,74476,1,1,0,0,0,0,0,0,0,0,0,0,0,0,1,0,0,0,88.08,70.69,,,0.63414634,1,1,0
1058,Florida State,Maryland,None,Florida State,Maryland,17,48,8,35,27,62,117,333.43,450.43,36.43,107.14,114.52,286,17.43,1,0,0.5,149.14,242.14,391.29,25.71,186.29,114.4,342.14,22.71,0,1,0.57142857,10,0,0,1,9,4,1,1,0,ACC,9,2005,80000,1,1,0,0,0,0,0,0,0,0,0,0,0,0,1,0,0,0,82.31,77.27,,,0.5,1,0,0
1959,Southern Cal,Notre Dame,Major,Southern Cal,Notre Dame,8,56,20,44,24,68,142.2,250,392.2,31.1,92.1,106.22,288.6,14.2,3,0,0.60714286,123.73,273.73,397.45,33.18,126.82,132.73,312.91,20.45,8,0,0.58064516,3,6,0,0,9,4,1,1,1,INDP,13,2006,92000,0,0,0,0,0,0,0,0,0,0,0,0,0,0,0,0,1,1,95.57,83,,,0.57142857,1,0,0
1874,Virginia,Miami-Florida,None,Miami-Florida,Virginia,3,37,-10,7,17,24,130.3,196.2,326.5,21,63.6,111.63,248.3,15,0,3,0.52808989,102.1,160.4,262.5,16.4,116.5,119.53,290.9,19,0,1,0.47252747,0,0,1,1,9,4,0,1,0,ACC,12,2006,61500,1,1,0,0,0,0,0,0,0,0,0,0,0,0,1,0,0,0,68.78,74.63,,,0.7286,1,1,1
2674,Oregon,Oregon St.,Major,Oregon St.,Oregon,1,42.5,7,38,31,69,162.27,200.36,362.64,27.55,64,115.91,310.64,22.64,2,0,0.54867257,247.64,225.64,473.27,37.18,129.45,117.9,380.27,22.55,0,2,0.5877193,33,18,0,0,9,7,1,1,0,Pac Ten,14,2007,54000,0,0,0,0,0,0,0,0,0,0,0,0,0,0,0,0,1,1,88.19,83.18,,,0.5385,1,0,0
2554,Middle Tennessee,UL-Lafayette,None,Middle Tennessee,UL-Lafayette,13.5,62.5,-10,24,34,58,138.6,219.1,357.7,27.7,175.9,120.49,390.3,26,4,0,0.47435897,241.56,144.11,385.67,22.44,238.11,146.29,490.89,40.11,0,3,0.53521127,0,0,1,1,9,7,0,1,0,Sun Belt,11,2007,30788,0,0,0,0,0,0,0,0,0,0,0,0,0,0,1,0,0,0,61.78,53.98,,,0.6875,1,1,1
389,Wake Forest,Duke,None,Wake Forest,Duke,17.5,43.5,2,24,22,46,207.595,182.015,392.265,25.604,161.07125,112.048,375.374,20.315,0,3,0.5313,115.552,142.734,233.894,17.5175,223.5275,134.2714286,436.3233333,30.04666667,0,2,0.6129,0,0,1,1,10,3,0,1,0,ACC,9,2004,31500,1,1,0,0,0,0,0,0,0,0,0,0,0,0,1,0,0,0,70.69,66.24,,,0.6082,1,1,0
2526,Clemson,Wake Forest,None,Clemson,Wake Forest,9,51,34,44,10,54,166.67,258,424.67,36.22,125.11,99.56,282.22,18.78,3,0,0.51388889,149.89,192.11,342,28.78,121,110.84,345.44,22.22,0,1,0.52702703,20,34,0,0,10,3,1,1,0,ACC,11,2007,81473,1,1,0,0,0,0,0,0,0,0,0,0,0,0,1,0,0,0,81.93,79.5,,,0.5,1,1,0
531,Florida,South Carolina,None,Florida,South Carolina,7,50.5,34,48,14,62,151.6033333,288.5335,455.6988889,35.035,149.238,118.13,361.7075,21.575,1,0,0.4848,191.8914286,218.7,408.1,26.375,139.564,89.524,287.9785714,16.24714286,1,0,0.4844,0,30,1,0,11,5,1,1,0,SEC,11,2004,90000,1,0,0,0,0,0,0,0,0,0,0,1,0,0,1,0,0,0,77.2,72.98,,,0.60714286,1,0,1
1109,Florida State,NC State,None,Florida State,NC State,13.5,48.5,-5,15,20,35,119.38,324.75,444.13,36.25,109.5,116.04,291.75,18.63,2,0,0.5,119.86,232.14,352,23,125.29,103.61,312,21.43,1,0,0.58974359,9,0,0,1,11,4,1,1,0,ACC,10,2005,80000,1,1,0,0,0,0,0,0,0,0,0,0,0,0,1,0,0,0,82.31,78.87,,,0.52808989,1,1,0
1018,San Jose St.,Hawaii,None,Hawaii,San Jose St.,6.5,62,7,45,38,83,74.33,369.83,444.17,26.5,179.67,145.72,429.83,37.17,1,0,0.4137931,98,229.83,327.83,22.67,167.33,151.51,433.83,34.67,0,5,0.375,0,0,1,1,11,3,0,1,0,WAC,8,2005,31218,0,0,0,0,0,0,0,0,0,0,0,0,0,1,1,0,0,0,54.85,64.31,,,0.54867257,1,0,1
2339,Southern Cal,Arizona,None,Southern Cal,Arizona,21,57,7,20,13,33,208.6,252.4,461,36.8,75.8,97.23,269,20.6,0,1,0.43478261,86,306.83,392.83,28.33,116.33,122.05,374.33,28.17,0,1,0.53846154,10,0,0,1,11,6,1,1,0,Pac Ten,7,2007,92000,0,0,0,0,0,0,0,0,0,0,0,0,0,0,1,0,0,0,90.94,76.4,,,0.47435897,1,0,0
566,Vanderbilt,Tennessee,Minor,Tennessee,Vanderbilt,13.5,43,-5,32,37,69,161.0233333,217.4175,380.66,27.755,112.0966667,120.48,330.57,22.1825,0,1,0.6104,140.2216667,180.156,317.6318182,14.284,178.615,146.4825,409.964,24.7625,0,3,0.493,15,0,0,1,12,1,1,1,0,SEC,12,2004,41600,1,0,0,0,0,0,0,0,0,0,0,1,0,0,0,1,0,1,61.34,83.89,,,0.5313,1,1,0
1275,Memphis,Akron,None,Memphis,Akron,5.5,48.5,7,38,31,69,260.82,126.36,387.18,26.18,132.73,130.55,396.64,22.27,2,0,0.4896,112.33,262.17,374.5,23,143.42,124.13,325.17,23.33,3,0,0.4052,0,0,1,1,12,3,0,0,1,NC,15,2005,65000,0,0,0,0,0,0,0,0,0,1,0,0,0,0,1,0,0,0,69.1,63.88,,,0.51388889,1,1,0
1667,Vanderbilt,South Carolina,None,South Carolina,Vanderbilt,3.5,41,18,31,13,44,130,222.33,352.33,21.33,149,104.43,301,14.17,1,0,0.52941176,150,166.71,316.71,21.57,146.71,132.46,312.86,17.57,1,0,0.575,0,0,1,1,13,3,0,1,0,SEC,8,2006,41600,1,0,0,0,0,0,0,0,0,0,0,1,0,0,1,0,0,0,69.9,82.49,,,0.4848,1,1,0
1822,Kentucky,Vanderbilt,None,Kentucky,Vanderbilt,2,52.5,12,38,26,64,89.89,244.11,334,25.22,182.89,145.12,448.22,29.56,2,0,0.60273973,151.1,186.2,337.3,22.8,156.2,125.23,320.3,20.7,0,1,0.54117647,0,0,1,1,13,7,0,1,0,SEC,11,2006,68000,1,0,0,0,0,0,0,0,0,0,0,1,0,0,1,0,0,0,80.25,69.9,,,0.5,1,1,0
409,Maryland,Florida State,None,Florida State,Maryland,11,38,-3,17,20,37,212.1666667,206.4633333,400.3857143,29.625,61.48,114.4616667,259.9125,14.42,6,0,0.6667,137.3085714,169.646,317.6318182,23.14714286,120.1355556,114.4425,297.9633333,19.6,0,3,0.4054,5,0,0,1,14,7,1,1,0,ACC,9,2004,48055,1,1,0,0,0,0,0,0,0,0,0,0,0,0,1,0,0,0,73.84,83.7,,,0.4137931,1,0,0
,,,,,,,,,,,,,,,,,,,,,,,,,,,,,,,,,,,,,,,,,,,,,,,,,,,,,,,,,,,,,,,,,,,,,0.43478261,1,0,0
,,,,,,mean,mean,,,,,mean,mean,mean,mean,mean,mean,mean,mean,,,mean,mean,mean,mean,mean,mean,mean,mean,mean,,,mean,mean,mean,mean,mean,mean,mean,,,,,,,,mean,,,,,,,,,,,,,,,,,mean,mean,mean,,,0.6104,1,1,1
,,,,,,9.634199134,51.20779221,,,,,167.7665694,228.0517811,396.044032,29.53726519,133.8869726,119.3015477,347.1926294,22.49543598,,,0.532153634,144.0243921,211.0582049,354.7805674,24.23914443,154.9033671,127.4525648,373.9055699,26.24521175,,,0.510413507,7.831168831,3.961038961,0.532467532,0.813852814,4.489177489,4.372294372,,,,,,,,0.212121212,,,,,,,,,,,,,,,,,0.155844156,71.83099567,71.93627706,,,0.4896,1,0,0
,,,,,,std,std,,,,,std,std,std,std,std,std,std,std,,,std,std,std,std,std,std,std,std,std,,,std,std,std,std,std,std,std,,,,,,,,std,,,,,,,,,,,,,,,,,std,std,std,,,0.52941176,1,1,0
,,,,,,7.476147528,8.652475387,,,,,56.11390261,59.73622551,63.40272768,7.566943138,42.74807975,18.67959866,67.89269907,7.482748225,,,0.118489412,51.46881055,54.86656342,61.41161399,6.953074058,43.65709919,18.06079599,64.79572458,7.945179218,,,0.11724282,11.12623527,9.449787058,0.500028232,0.390070623,2.812799119,2.895260508,,,,,,,,0.409697983,,,,,,,,,,,,,,,,,0.363495173,11.94332575,11.77119391,,,0.60273973,1,1,0
,,,,,,,,,,,,,,,,,,,,,,,,,,,,,,,,,,,,,,,,,,,,,,,,,,,,,,,,,,,,,,,,,,,,,,,,
,,,,,,,,,,,,,,,,,,,,,,,,,,,,,,,,,,,,,,,,,,,,,,,,,,,,,,,,,,,,,,,,,,,,,,,,
,,,,,,,,,,,,,,,,,,,,,,,,,,,,,,,,,,,,,,,,,,,,,,,,,,,,,,,,,,,,,,,,,,,,,0.6667,1,1,0
,,,,,,,,,,,,mean,Std Dev,,,,,,,,,,,,,,,,,,,,,,,,,,,,,,,,,,,,,,,,,,,,,,,,,,,,,,,,,,,
,,,,,,,,,,,line,9.634199134,7.476147528,,,,,,,,,,,,,,,,,,,,,,,,,,,,,,,,,,,,,,,,,,,,,,,,,,,,,,,,,,,
,,,,,,,,,,,etp,51.20779221,8.652475387,,,,,,,,,,,,,,,,,,,,,,,,,,,,,,,,,,,,,,,,,,,,,,,,,,,,,,,,,,,
,,,,,,,,,,,fro1,167.7665694,56.11390261,,,,,,,,,,,,,,,,,,,,,,,,,,,,,,,,,,,,,,,,,,,,,,,,,,,,,,,,,,,
,,,,,,,,,,,fpo1,228.0517811,59.73622551,,,,,,,,,,,,,,,,,,,,,,,,,,,,,,,,,,,,,,,,,,,,,,,,,,,,,,,,,,,
,,,,,,,,,,,fto1,396.044032,63.40272768,,,,,,,,,,,,,,,,,,,,,,,,,,,,,,,,,,,,,,,,,,,,,,,,,,,,,,,,,,,
,,,,,,,,,,,fso1,29.53726519,7.566943138,,,,,,,,,,,,,,,,,,,,,,,,,,,,,,,,,,,,,,,,,,,,,,,,,,,,,,,,,,,
,,,,,,,,,,,frd1,133.8869726,42.74807975,,,,,,,,,,,,,,,,,,,,,,,,,,,,,,,,,,,,,,,,,,,,,,,,,,,,,,,,,,,
,,,,,,,,,,,fped1,119.3015477,18.67959866,,,,,,,,,,,,,,,,,,,,,,,,,,,,,,,,,,,,,,,,,,,,,,,,,,,,,,,,,,,
,,,,,,,,,,,ftd1,347.1926294,67.89269907,,,,,,,,,,,,,,,,,,,,,,,,,,,,,,,,,,,,,,,,,,,,,,,,,,,,,,,,,,,
,,,,,,,,,,,fsd1,22.49543598,7.482748225,,,,,,,,,,,,,,,,,,,,,,,,,,,,,,,,,,,,,,,,,,,,,,,,,,,,,,,,,,,
,,,,,,,,,,,fsched,0.532153634,0.118489412,,,,,,,,,,,,,,,,,,,,,,,,,,,,,,,,,,,,,,,,,,,,,,,,,,,,,,,,,,,
,,,,,,,,,,,uro1,144.0243921,51.46881055,,,,,,,,,,,,,,,,,,,,,,,,,,,,,,,,,,,,,,,,,,,,,,,,,,,,,,,,,,,
,,,,,,,,,,,upo1,211.0582049,54.86656342,,,,,,,,,,,,,,,,,,,,,,,,,,,,,,,,,,,,,,,,,,,,,,,,,,,,,,,,,,,
,,,,,,,,,,,uto1,354.7805674,61.41161399,,,,,,,,,,,,,,,,,,,,,,,,,,,,,,,,,,,,,,,,,,,,,,,,,,,,,,,,,,,
,,,,,,,,,,,uso1,24.23914443,6.953074058,,,,,,,,,,,,,,,,,,,,,,,,,,,,,,,,,,,,,,,,,,,,,,,,,,,,,,,,,,,
,,,,,,,,,,,urd1,154.9033671,43.65709919,,,,,,,,,,,,,,,,,,,,,,,,,,,,,,,,,,,,,,,,,,,,,,,,,,,,,,,,,,,
,,,,,,,,,,,uped1,127.4525648,18.06079599,,,,,,,,,,,,,,,,,,,,,,,,,,,,,,,,,,,,,,,,,,,,,,,,,,,,,,,,,,,
,,,,,,,,,,,utd1,373.9055699,64.79572458,,,,,,,,,,,,,,,,,,,,,,,,,,,,,,,,,,,,,,,,,,,,,,,,,,,,,,,,,,,
,,,,,,,,,,,usd1,26.24521175,7.945179218,,,,,,,,,,,,,,,,,,,,,,,,,,,,,,,,,,,,,,,,,,,,,,,,,,,,,,,,,,,
,,,,,,,,,,,usced,0.510413507,0.11724282,,,,,,,,,,,,,,,,,,,,,,,,,,,,,,,,,,,,,,,,,,,,,,,,,,,,,,,,,,,
,,,,,,,,,,,frank,7.831168831,11.12623527,,,,,,,,,,,,,,,,,,,,,,,,,,,,,,,,,,,,,,,,,,,,,,,,,,,,,,,,,,,
,,,,,,,,,,,urank,3.961038961,9.449787058,,,,,,,,,,,,,,,,,,,,,,,,,,,,,,,,,,,,,,,,,,,,,,,,,,,,,,,,,,,
,,,,,,,,,,,fnr,0.532467532,0.500028232,,,,,,,,,,,,,,,,,,,,,,,,,,,,,,,,,,,,,,,,,,,,,,,,,,,,,,,,,,,
,,,,,,,,,,,unr,0.813852814,0.390070623,,,,,,,,,,,,,,,,,,,,,,,,,,,,,,,,,,,,,,,,,,,,,,,,,,,,,,,,,,,
,,,,,,,,,,,finj,4.489177489,2.812799119,,,,,,,,,,,,,,,,,,,,,,,,,,,,,,,,,,,,,,,,,,,,,,,,,,,,,,,,,,,
,,,,,,,,,,,uinj,4.372294372,2.895260508,,,,,,,,,,,,,,,,,,,,,,,,,,,,,,,,,,,,,,,,,,,,,,,,,,,,,,,,,,,
,,,,,,,,,,,power5,0.212121212,0.409697983,,,,,,,,,,,,,,,,,,,,,,,,,,,,,,,,,,,,,,,,,,,,,,,,,,,,,,,,,,,
,,,,,,,,,,,AnyRivalry,0.155844156,0.363495173,,,,,,,,,,,,,,,,,,,,,,,,,,,,,,,,,,,,,,,,,,,,,,,,,,,,,,,,,,,
,,,,,,,,,,,Home_Rating,71.83099567,11.94332575,,,,,,,,,,,,,,,,,,,,,,,,,,,,,,,,,,,,,,,,,,,,,,,,,,,,,,,,,,,
,,,,,,,,,,,Away_Rating,71.93627706,11.77119391,,,,,,,,,,,,,,,,,,,,,,,,,,,,,,,,,,,,,,,,,,,,,,,,,,,,,,,,,,,
